Baseline,Korpus,Gewichtet,Methode,POS,Art des Werts,Metapher,Wert,Baseline-Wert,Test-Stat,P-Value
mixed,gutenberg,Nein,canberra,all,direct,1 importance is size,0.115582920071644,0.1781485977471951,-25.83626883622442,2.8131835832755068e-98
mixed,gutenberg,Nein,canberra,all,direct,2 active is life,0.1791977742265967,0.2073394134176726,-11.348474148627329,4.491566290422612e-27
mixed,gutenberg,Nein,canberra,all,direct,3 life is journey,0.1519615582337514,0.1722612678004894,-10.204184156807685,1.3929799376764514e-22
mixed,gutenberg,Nein,canberra,all,direct,4 failure is death,0.1571745413625903,0.1753720345507808,-7.199541505520924,1.898776937437044e-12
mixed,gutenberg,Nein,canberra,all,direct,5 success is life,0.2008112313402845,0.1789055820418552,8.027394896054274,5.636527053200414e-15
mixed,gutenberg,Nein,canberra,all,direct,6 perceiving is eating,0.1217629003432968,0.1789346154525435,-24.20389061566483,8.982293086502636e-90
mixed,gutenberg,Nein,canberra,all,direct,7 affection is warmth,0.1165139164503193,0.1736991474174606,-26.403472402901723,3.179037049920035e-101
mixed,gutenberg,Nein,canberra,all,direct,8 money is liquid,0.1252933929795179,0.1656604638244586,-20.92879876476304,9.83980318934987e-73
mixed,gutenberg,Nein,canberra,all,direct,9 good is up,0.1292674349248097,0.163528125933389,-13.746529653425094,2.2056975237189366e-37
mixed,gutenberg,Nein,canberra,all,direct,10 bad is down,0.1264805663771396,0.1770569098776996,-21.146857932168107,7.322945926281171e-74
mixed,gutenberg,Nein,canberra,ADJ,direct,1 importance is size,0.080825779524303,0.1245508769809656,-7.305221227720965,5.860478824414363e-10
mixed,gutenberg,Nein,canberra,ADJ,direct,2 active is life,0.1776688260240164,0.1307759756880214,4.835148051416949,8.91834553914016e-06
mixed,gutenberg,Nein,canberra,ADJ,direct,3 life is journey,0.1615995203687824,0.1280628268718453,4.048694322220494,0.0001434293722893
mixed,gutenberg,Nein,canberra,ADJ,direct,4 failure is death,0.1328846435538065,0.1239371007820221,1.0381590686660076,0.3031642096128533
mixed,gutenberg,Nein,canberra,ADJ,direct,5 success is life,0.1407414784037866,0.1510817711203602,-1.216231205907078,0.2284341987210006
mixed,gutenberg,Nein,canberra,ADJ,direct,6 perceiving is eating,0.0646057340388963,0.139586175672233,-15.539678736329522,3.134814593165704e-23
mixed,gutenberg,Nein,canberra,ADJ,direct,7 affection is warmth,0.0751514430814739,0.109475120792685,-4.817388328954859,9.517343455878442e-06
mixed,gutenberg,Nein,canberra,ADJ,direct,8 money is liquid,0.104291994592336,0.1319906077585408,-3.568831437801573,0.0006923504968151
mixed,gutenberg,Nein,canberra,ADJ,direct,9 good is up,0.0863451895412526,0.1187471539676405,-4.733382600114969,1.2926968821411868e-05
mixed,gutenberg,Nein,canberra,ADJ,direct,10 bad is down,0.0775174644657646,0.1281565526064045,-8.795096947597763,1.4665750531966849e-12
mixed,gutenberg,Nein,canberra,VERB,direct,1 importance is size,0.1305706888841691,0.119485809246931,1.253312897949448,0.2147233592200494
mixed,gutenberg,Nein,canberra,VERB,direct,2 active is life,0.1147426047773694,0.1874718728857,-7.616831298757455,1.6706133882514122e-10
mixed,gutenberg,Nein,canberra,VERB,direct,3 life is journey,0.1124270942104543,0.1243448733812406,-1.4989977924569111,0.1388687637274913
mixed,gutenberg,Nein,canberra,VERB,direct,4 failure is death,0.164257564554007,0.1282410966987077,3.909209475504417,0.0002290631179839
mixed,gutenberg,Nein,canberra,VERB,direct,5 success is life,0.1021227188750033,0.1169645253802163,-2.173372889656834,0.0335191395899209
mixed,gutenberg,Nein,canberra,VERB,direct,6 perceiving is eating,0.1008780781689457,0.1151974410898723,-2.1857004989486404,0.0325623266603156
mixed,gutenberg,Nein,canberra,VERB,direct,7 affection is warmth,0.073477129483629,0.1131195166002337,-6.791446004684219,4.609052849162879e-09
mixed,gutenberg,Nein,canberra,VERB,direct,8 money is liquid,0.0699110593526245,0.1233018346981979,-10.712829641914878,7.962712147629209e-16
mixed,gutenberg,Nein,canberra,VERB,direct,9 good is up,0.1063799101456143,0.1150501772015702,-1.2725839311392009,0.2078423789949021
mixed,gutenberg,Nein,canberra,VERB,direct,10 bad is down,0.0846091740458146,0.1330620534820995,-6.638636464270512,8.486237734899655e-09
mixed,gutenberg,Nein,canberra,NOUN,direct,1 importance is size,0.1037155238224314,0.1202262231496935,-2.080161810233517,0.0415841938721714
mixed,gutenberg,Nein,canberra,NOUN,direct,2 active is life,0.1065087004599036,0.1479805082580435,-4.890147388293546,7.287878093546811e-06
mixed,gutenberg,Nein,canberra,NOUN,direct,3 life is journey,0.0765080122947947,0.119560226373547,-7.753934243003379,9.614686058677429e-11
mixed,gutenberg,Nein,canberra,NOUN,direct,4 failure is death,0.1252576533968787,0.1167797947047765,1.0445837486672915,0.300207015766931
mixed,gutenberg,Nein,canberra,NOUN,direct,5 success is life,0.093770012238986,0.1207795971918283,-3.571728993597911,0.0006860195066065
mixed,gutenberg,Nein,canberra,NOUN,direct,6 perceiving is eating,0.1017642446559231,0.1241022462782497,-3.763903559368263,0.0003697026015391
mixed,gutenberg,Nein,canberra,NOUN,direct,7 affection is warmth,0.0836673452618489,0.1063970963656584,-3.307305941678301,0.0015591424479215
mixed,gutenberg,Nein,canberra,NOUN,direct,8 money is liquid,0.0709473130148474,0.1220204899622902,-11.276071623345665,9.384103255952964e-17
mixed,gutenberg,Nein,canberra,NOUN,direct,9 good is up,0.0832460078870213,0.1109254981564644,-4.209604592316503,8.275100040797272e-05
mixed,gutenberg,Nein,canberra,NOUN,direct,10 bad is down,0.0856430786690752,0.1094072140770692,-3.587583237786029,0.0006523428403589
mixed,gutenberg,Ja,canberra,all,direct,1 importance is size,0.1225366748270028,0.1720434680035735,-23.59272732348325,7.478147103768434e-92
mixed,gutenberg,Ja,canberra,all,direct,2 active is life,0.168483935177684,0.2057058129446213,-15.560905014760912,2.388614499105874e-47
mixed,gutenberg,Ja,canberra,all,direct,3 life is journey,0.1455842476614511,0.1669996171104526,-10.879590273360092,1.1996010419291226e-25
mixed,gutenberg,Ja,canberra,all,direct,4 failure is death,0.1613334481477827,0.1836772079812511,-9.82639255271637,1.7513374464227233e-21
mixed,gutenberg,Ja,canberra,all,direct,5 success is life,0.1888207702744536,0.1852002772739075,1.3798095336845229,0.1680689173487634
mixed,gutenberg,Ja,canberra,all,direct,6 perceiving is eating,0.1222469290721766,0.1784534050463674,-28.24292150886479,4.445596320033367e-119
mixed,gutenberg,Ja,canberra,all,direct,7 affection is warmth,0.1195200495539158,0.1661297276096338,-23.72848169060409,1.2129086803439674e-92
mixed,gutenberg,Ja,canberra,all,direct,8 money is liquid,0.1196563821000013,0.1774089670235558,-32.46298358196039,1.212006922387606e-143
mixed,gutenberg,Ja,canberra,all,direct,9 good is up,0.1477516719875193,0.1726092310928124,-12.83325498745034,3.939992727606722e-34
mixed,gutenberg,Ja,canberra,all,direct,10 bad is down,0.1211157455561432,0.1865968371344382,-31.264585618562595,1.0359258682569296e-136
mixed,gutenberg,Ja,canberra,ADJ,direct,1 importance is size,0.0732940753023119,0.1382814056286225,-11.99577990966666,1.4577117777707841e-19
mixed,gutenberg,Ja,canberra,ADJ,direct,2 active is life,0.164897917275202,0.122135969486293,4.574871635167192,1.7187450076389962e-05
mixed,gutenberg,Ja,canberra,ADJ,direct,3 life is journey,0.1466281021321867,0.1326951444983974,1.7541836464995522,0.083228460273641
mixed,gutenberg,Ja,canberra,ADJ,direct,4 failure is death,0.1233788123497255,0.1321251609175655,-1.1547034297328287,0.2516494458141989
mixed,gutenberg,Ja,canberra,ADJ,direct,5 success is life,0.1372142185537046,0.1565441327031593,-2.5611487583576564,0.0123118607676878
mixed,gutenberg,Ja,canberra,ADJ,direct,6 perceiving is eating,0.0655621438081973,0.1325026262429634,-15.922104999333603,1.606958520155665e-26
mixed,gutenberg,Ja,canberra,ADJ,direct,7 affection is warmth,0.0904968618680474,0.1109577165053954,-3.2888026372354298,0.0014969486680529
mixed,gutenberg,Ja,canberra,ADJ,direct,8 money is liquid,0.0947917466994419,0.1400109378714072,-6.383232826156983,1.0563755714505154e-08
mixed,gutenberg,Ja,canberra,ADJ,direct,9 good is up,0.1410589142566875,0.1217086369107737,2.968920970332068,0.0039422754555109
mixed,gutenberg,Ja,canberra,ADJ,direct,10 bad is down,0.0773527975560056,0.1223787227642319,-8.940403189816625,1.150294241704438e-13
mixed,gutenberg,Ja,canberra,VERB,direct,1 importance is size,0.1221320209486817,0.1188942927552234,0.4108281677821097,0.6822968936404233
mixed,gutenberg,Ja,canberra,VERB,direct,2 active is life,0.1158767900091066,0.1822320947348233,-8.357106174323718,1.6116530033273292e-12
mixed,gutenberg,Ja,canberra,VERB,direct,3 life is journey,0.1097748304577939,0.1279603266169037,-2.510350201923297,0.0140774400741913
mixed,gutenberg,Ja,canberra,VERB,direct,4 failure is death,0.1594716038251431,0.1291628974241884,3.561349623973633,0.0006248632845644
mixed,gutenberg,Ja,canberra,VERB,direct,5 success is life,0.0961968543963307,0.11944912395216,-3.702143950174656,0.0003913684575175
mixed,gutenberg,Ja,canberra,VERB,direct,6 perceiving is eating,0.1038433592701102,0.1187542376039172,-2.3394704803075883,0.0218056621031391
mixed,gutenberg,Ja,canberra,VERB,direct,7 affection is warmth,0.0763365924992764,0.1142746072724145,-7.770897133585268,2.2699339852012177e-11
mixed,gutenberg,Ja,canberra,VERB,direct,8 money is liquid,0.0694441326981249,0.1285221984014418,-12.831441033928684,4.116966941943017e-21
mixed,gutenberg,Ja,canberra,VERB,direct,9 good is up,0.101820212847204,0.1261169991414634,-4.025571711033674,0.0001283376032005
mixed,gutenberg,Ja,canberra,VERB,direct,10 bad is down,0.1091261829455844,0.130425180427031,-3.0546429775761017,0.0030603489005453
mixed,gutenberg,Ja,canberra,NOUN,direct,1 importance is size,0.1082886343169259,0.1251349596995736,-2.5271270503485948,0.0134706332192632
mixed,gutenberg,Ja,canberra,NOUN,direct,2 active is life,0.0964645125101217,0.1442706524080774,-6.375293021126923,1.0932854620425104e-08
mixed,gutenberg,Ja,canberra,NOUN,direct,3 life is journey,0.0708884178536182,0.1116309274455051,-7.907845729416087,1.2253517880131432e-11
mixed,gutenberg,Ja,canberra,NOUN,direct,4 failure is death,0.1326057848772106,0.1218064460335552,1.5042438465083312,0.1364564593074667
mixed,gutenberg,Ja,canberra,NOUN,direct,5 success is life,0.0929829520384926,0.1263874052996839,-5.148024619775116,1.8432397511875164e-06
mixed,gutenberg,Ja,canberra,NOUN,direct,6 perceiving is eating,0.0993524873185642,0.1280770418198626,-5.048725186728944,2.737600519578575e-06
mixed,gutenberg,Ja,canberra,NOUN,direct,7 affection is warmth,0.090772411520302,0.1233918627251327,-4.91035688815016,4.7228254026724285e-06
mixed,gutenberg,Ja,canberra,NOUN,direct,8 money is liquid,0.0751519572041908,0.127016826042667,-12.525960284432283,1.502687783301995e-20
mixed,gutenberg,Ja,canberra,NOUN,direct,9 good is up,0.0904809389908555,0.1197122999988488,-5.168883816309626,1.695538570004344e-06
mixed,gutenberg,Ja,canberra,NOUN,direct,10 bad is down,0.0921050576558603,0.1169101494718677,-4.227614843099759,6.226466155528271e-05
mixed,gutenberg,Nein,cosine,all,direct,1 importance is size,0.3198672364879813,0.3665186116430626,-10.184825720568623,1.6489830854995514e-22
mixed,gutenberg,Nein,cosine,all,direct,2 active is life,0.386530571966432,0.4137774149189037,-5.52031470716483,5.127186141778914e-08
mixed,gutenberg,Nein,cosine,all,direct,3 life is journey,0.29079185444991,0.3740337844929713,-20.447850558403587,2.991773484695833e-70
mixed,gutenberg,Nein,cosine,all,direct,4 failure is death,0.3468128470121883,0.3681926683108845,-4.919224663236111,1.13587979431361e-06
mixed,gutenberg,Nein,cosine,all,direct,5 success is life,0.344445727498775,0.3789080595022334,-7.647872726780511,8.639115829188134e-14
mixed,gutenberg,Nein,cosine,all,direct,6 perceiving is eating,0.2778161702056725,0.3778976432291295,-28.971779917477765,1.790061797153891e-114
mixed,gutenberg,Nein,cosine,all,direct,7 affection is warmth,0.2924538230031935,0.3669085219787534,-15.927780491984644,1.3912822214422956e-47
mixed,gutenberg,Nein,cosine,all,direct,8 money is liquid,0.2407156501924166,0.3807821083961981,-34.11051982380099,2.8910099193910847e-140
mixed,gutenberg,Nein,cosine,all,direct,9 good is up,0.2808128915558983,0.3741437021633611,-22.62961234978572,1.4508855030953996e-81
mixed,gutenberg,Nein,cosine,all,direct,10 bad is down,0.3056210649536094,0.3814403286164415,-17.48942422899296,3.098432833420873e-55
mixed,gutenberg,Nein,cosine,ADJ,direct,1 importance is size,0.2858125776983797,0.3777367322019563,-8.390055808553068,7.43169944022974e-12
mixed,gutenberg,Nein,cosine,ADJ,direct,2 active is life,0.3728140997700393,0.365631163913531,0.4707842667328575,0.6394208041201668
mixed,gutenberg,Nein,cosine,ADJ,direct,3 life is journey,0.3327132987324148,0.3960671547750462,-4.737602602197134,1.273030285973288e-05
mixed,gutenberg,Nein,cosine,ADJ,direct,4 failure is death,0.3332438750658184,0.3538690249862031,-1.6002882433121248,0.1145379204458201
mixed,gutenberg,Nein,cosine,ADJ,direct,5 success is life,0.3727025403641164,0.4173376783673802,-3.5115140527005675,0.0008296151892203
mixed,gutenberg,Nein,cosine,ADJ,direct,6 perceiving is eating,0.3093414776958525,0.3666981999367817,-6.814040704490389,4.21066514096834e-09
mixed,gutenberg,Nein,cosine,ADJ,direct,7 affection is warmth,0.3647815252188593,0.3588737947092159,0.4277013480911252,0.6703270380206234
mixed,gutenberg,Nein,cosine,ADJ,direct,8 money is liquid,0.2514751633862033,0.3976842274242153,-9.38845509062171,1.385120505268251e-13
mixed,gutenberg,Nein,cosine,ADJ,direct,9 good is up,0.3164837777148932,0.3942039537540404,-6.0211427229488,9.771093509753352e-08
mixed,gutenberg,Nein,cosine,ADJ,direct,10 bad is down,0.3110285298898816,0.377551138193412,-6.247206032026078,4.0145649154185346e-08
mixed,gutenberg,Nein,cosine,VERB,direct,1 importance is size,0.4393850817577913,0.3603438769441891,5.242641102282161,1.9593857568731044e-06
mixed,gutenberg,Nein,cosine,VERB,direct,2 active is life,0.4644022136926651,0.489102505336923,-2.734668407717028,0.0080988678950995
mixed,gutenberg,Nein,cosine,VERB,direct,3 life is journey,0.3894942086189985,0.3601441329660201,2.253973393955817,0.0276851629486685
mixed,gutenberg,Nein,cosine,VERB,direct,4 failure is death,0.4431823892518878,0.3805804350955986,6.756448737704474,5.3014351557717375e-09
mixed,gutenberg,Nein,cosine,VERB,direct,5 success is life,0.4435872789472341,0.357731509157602,7.393426817202969,4.1088699269222246e-10
mixed,gutenberg,Nein,cosine,VERB,direct,6 perceiving is eating,0.3900191537104547,0.3855250317174796,0.5100573718502663,0.6117936463739783
mixed,gutenberg,Nein,cosine,VERB,direct,7 affection is warmth,0.3495431009214371,0.3790929417439519,-2.8079759480464856,0.006629020336531
mixed,gutenberg,Nein,cosine,VERB,direct,8 money is liquid,0.3421508020255714,0.374398280270907,-3.889901569501354,0.0002442384326229
mixed,gutenberg,Nein,cosine,VERB,direct,9 good is up,0.4108838057145476,0.3647803009172912,4.865649084759052,7.974526020663708e-06
mixed,gutenberg,Nein,cosine,VERB,direct,10 bad is down,0.4760195221751928,0.3997836905128906,7.443271624427116,3.361598409105895e-10
mixed,gutenberg,Nein,cosine,NOUN,direct,1 importance is size,0.3829600524622947,0.3602882544582098,1.600008793160098,0.1145999890089216
mixed,gutenberg,Nein,cosine,NOUN,direct,2 active is life,0.4530428268481046,0.3801557952313306,4.971108219182731,5.405626551042978e-06
mixed,gutenberg,Nein,cosine,NOUN,direct,3 life is journey,0.3214891387615353,0.3735383036001826,-5.127734624640851,3.017345682355867e-06
mixed,gutenberg,Nein,cosine,NOUN,direct,4 failure is death,0.4233918383251875,0.3725542104717169,3.898638033832429,0.0002372559673567
mixed,gutenberg,Nein,cosine,NOUN,direct,5 success is life,0.400278840214014,0.3620903015013209,2.643476917704611,0.010342323106916
mixed,gutenberg,Nein,cosine,NOUN,direct,6 perceiving is eating,0.3063627029769122,0.3762882242948763,-7.5762428237767665,1.9674504074151334e-10
mixed,gutenberg,Nein,cosine,NOUN,direct,7 affection is warmth,0.3407683070981875,0.3788265869121096,-2.3523937386194014,0.0217903952360773
mixed,gutenberg,Nein,cosine,NOUN,direct,8 money is liquid,0.2642714763060212,0.3558173995361449,-14.4860825486844,1.007777050911715e-21
mixed,gutenberg,Nein,cosine,NOUN,direct,9 good is up,0.2634687221143394,0.3790696704899892,-9.28476075282949,2.088337388470745e-13
mixed,gutenberg,Nein,cosine,NOUN,direct,10 bad is down,0.3117982341209426,0.3656346487819428,-4.14739365083898,0.0001024837251031
mixed,gutenberg,Ja,cosine,all,direct,1 importance is size,0.3199257357723101,0.3682269772383098,-11.853728498674766,9.222625770769437e-30
mixed,gutenberg,Ja,cosine,all,direct,2 active is life,0.3872805412536786,0.412501932000665,-5.475185377744549,6.25951275008829e-08
mixed,gutenberg,Ja,cosine,all,direct,3 life is journey,0.2975003492469207,0.3793648674563231,-21.26818912399668,7.760312491209125e-78
mixed,gutenberg,Ja,cosine,all,direct,4 failure is death,0.3496757349400526,0.3690496385526333,-4.851655831109585,1.4982983816420258e-06
mixed,gutenberg,Ja,cosine,all,direct,5 success is life,0.3474556875794574,0.3770556561192967,-7.445343450656268,2.738215880481581e-13
mixed,gutenberg,Ja,cosine,all,direct,6 perceiving is eating,0.2783988716671006,0.3741672049312163,-31.1740726203467,3.4720185289942404e-136
mixed,gutenberg,Ja,cosine,all,direct,7 affection is warmth,0.3011794647313336,0.3690910137225577,-15.850296338600463,1.384821481960214e-48
mixed,gutenberg,Ja,cosine,all,direct,8 money is liquid,0.2375267421403856,0.3788132293997832,-40.36476461563365,6.405112631297993e-188
mixed,gutenberg,Ja,cosine,all,direct,9 good is up,0.2789237265346063,0.3737728486782275,-25.69624432686969,3.834248774722461e-104
mixed,gutenberg,Ja,cosine,all,direct,10 bad is down,0.302202270814666,0.3886807811825994,-22.78969209899678,3.417282529518203e-87
mixed,gutenberg,Ja,cosine,ADJ,direct,1 importance is size,0.2893565814068288,0.3837558897707559,-9.53124273298206,7.965102321057646e-15
mixed,gutenberg,Ja,cosine,ADJ,direct,2 active is life,0.3791462374322208,0.3667633328340619,0.9461952294678676,0.3468982409032268
mixed,gutenberg,Ja,cosine,ADJ,direct,3 life is journey,0.3306968408740229,0.3952971673121296,-5.183661463523557,1.9610803656607395e-06
mixed,gutenberg,Ja,cosine,ADJ,direct,4 failure is death,0.3275220180735176,0.3573059581819187,-2.7685163457741218,0.0069954199218711
mixed,gutenberg,Ja,cosine,ADJ,direct,5 success is life,0.3665511911665952,0.4124239584281292,-4.2204103429546285,6.391288450651939e-05
mixed,gutenberg,Ja,cosine,ADJ,direct,6 perceiving is eating,0.3100307922304412,0.3714784136128123,-8.02580574721533,7.199171856241929e-12
mixed,gutenberg,Ja,cosine,ADJ,direct,7 affection is warmth,0.3604477319038576,0.3539532237456942,0.5297378365427552,0.5979463683754356
mixed,gutenberg,Ja,cosine,ADJ,direct,8 money is liquid,0.2436952186219486,0.3868104091611832,-10.90904642428334,1.6828032884374362e-17
mixed,gutenberg,Ja,cosine,ADJ,direct,9 good is up,0.2992042904650723,0.3884832758791055,-7.444046156537717,9.835500418582356e-11
mixed,gutenberg,Ja,cosine,ADJ,direct,10 bad is down,0.3047256692324155,0.3760362418126285,-7.887150840343695,1.3450915983389103e-11
mixed,gutenberg,Ja,cosine,VERB,direct,1 importance is size,0.431218803020907,0.3599608592487825,5.457054403371829,5.270588086042414e-07
mixed,gutenberg,Ja,cosine,VERB,direct,2 active is life,0.4610964865596206,0.4872885223946039,-3.372346319565327,0.0011505524139372
mixed,gutenberg,Ja,cosine,VERB,direct,3 life is journey,0.4147185720043418,0.3647727651817487,3.9657396658883,0.0001583804911132
mixed,gutenberg,Ja,cosine,VERB,direct,4 failure is death,0.4525939476342849,0.3716282786789815,9.878647357756025,1.66683512674866e-15
mixed,gutenberg,Ja,cosine,VERB,direct,5 success is life,0.4521374639905529,0.3498555634769879,9.964406135032844,1.1339915697925213e-15
mixed,gutenberg,Ja,cosine,VERB,direct,6 perceiving is eating,0.38428536940504,0.3886922861091479,-0.5242523524202886,0.6015525963622406
mixed,gutenberg,Ja,cosine,VERB,direct,7 affection is warmth,0.3577724248170852,0.3702440092998037,-1.3226169932229916,0.1897313489074213
mixed,gutenberg,Ja,cosine,VERB,direct,8 money is liquid,0.3289999465147654,0.3792764065743504,-6.522542704094617,5.7715047855987504e-09
mixed,gutenberg,Ja,cosine,VERB,direct,9 good is up,0.4217063144401268,0.3652223772094023,6.606265387320829,4.006738290125849e-09
mixed,gutenberg,Ja,cosine,VERB,direct,10 bad is down,0.4690284037295683,0.4120942832800605,6.381939140227556,1.0623043135651593e-08
mixed,gutenberg,Ja,cosine,NOUN,direct,1 importance is size,0.395949070284396,0.3535732285980922,3.27072393597171,0.0015838098132577
mixed,gutenberg,Ja,cosine,NOUN,direct,2 active is life,0.4483840700100969,0.3692160237033628,5.0022211821365445,6.589063319594528e-06
mixed,gutenberg,Ja,cosine,NOUN,direct,3 life is journey,0.3354203230069007,0.3713200063919102,-3.724058965083692,0.0003635230747716
mixed,gutenberg,Ja,cosine,NOUN,direct,4 failure is death,0.4430155583001949,0.3753722051099909,5.508215160406703,4.27164968237543e-07
mixed,gutenberg,Ja,cosine,NOUN,direct,5 success is life,0.4125004348195629,0.368895663227311,3.4583979671961123,0.0008735910724742
mixed,gutenberg,Ja,cosine,NOUN,direct,6 perceiving is eating,0.3139637636917609,0.3763226578789648,-7.361572850145792,1.4218906270598008e-10
mixed,gutenberg,Ja,cosine,NOUN,direct,7 affection is warmth,0.3638956038120352,0.3717563484793953,-0.5075042452584675,0.6131973471497533
mixed,gutenberg,Ja,cosine,NOUN,direct,8 money is liquid,0.2640898003254407,0.3657589623724098,-18.726634181480552,5.618168461736433e-31
mixed,gutenberg,Ja,cosine,NOUN,direct,9 good is up,0.2644695941312813,0.3725372007088937,-10.0591135137289,7.414524964500065e-16
mixed,gutenberg,Ja,cosine,NOUN,direct,10 bad is down,0.3079845218194855,0.3653596290554506,-5.279732476252495,1.085128167488011e-06
mixed,gutenberg,Nein,euclidian,all,direct,1 importance is size,0.2208120607150097,0.3077878113634263,-22.276368721611075,1.001381468579052e-79
mixed,gutenberg,Nein,euclidian,all,direct,2 active is life,0.3328830468882289,0.3959902129632731,-13.52112618089558,2.277579094626611e-36
mixed,gutenberg,Nein,euclidian,all,direct,3 life is journey,0.2066548603793813,0.3299254614220829,-26.620564669155645,2.376741787410981e-102
mixed,gutenberg,Nein,euclidian,all,direct,4 failure is death,0.2542067614073555,0.323794682468805,-17.15633208783892,1.3904181383831374e-53
mixed,gutenberg,Nein,euclidian,all,direct,5 success is life,0.2234576367255714,0.3342546575882524,-25.963852804891268,6.107373441011304e-99
mixed,gutenberg,Nein,euclidian,all,direct,6 perceiving is eating,0.1576268656386269,0.3306454465569308,-55.72455194252128,5.946602939910064e-234
mixed,gutenberg,Nein,euclidian,all,direct,7 affection is warmth,0.2370257876916892,0.3244114923497869,-19.73012941903433,1.4592808700816644e-66
mixed,gutenberg,Nein,euclidian,all,direct,8 money is liquid,0.1943189116298324,0.3084372564162024,-36.60148167726826,2.521988313219336e-152
mixed,gutenberg,Nein,euclidian,all,direct,9 good is up,0.1953142972456084,0.3182991844513971,-30.62617031355795,6.748427189739866e-123
mixed,gutenberg,Nein,euclidian,all,direct,10 bad is down,0.2259849630710151,0.3182932858241515,-22.30989398811873,6.701135925575643e-80
mixed,gutenberg,Nein,euclidian,ADJ,direct,1 importance is size,0.1749738128855824,0.2248969574971124,-4.693544588373388,1.493589654181534e-05
mixed,gutenberg,Nein,euclidian,ADJ,direct,2 active is life,0.1953066987916827,0.2525653467699885,-4.440894408764043,3.688669067196688e-05
mixed,gutenberg,Nein,euclidian,ADJ,direct,3 life is journey,0.2073111440986395,0.2565239738998934,-2.683559612076047,0.0092943029588595
mixed,gutenberg,Nein,euclidian,ADJ,direct,4 failure is death,0.215221825055778,0.2289502531616017,-1.053455418652947,0.2961559704582956
mixed,gutenberg,Nein,euclidian,ADJ,direct,5 success is life,0.1494932565838098,0.275402466233354,-8.43386428424791,6.233072089280859e-12
mixed,gutenberg,Nein,euclidian,ADJ,direct,6 perceiving is eating,0.1036318307742476,0.2128026230912655,-10.83698796457766,4.954608310090093e-16
mixed,gutenberg,Nein,euclidian,ADJ,direct,7 affection is warmth,0.1441787681542337,0.1953413979057222,-3.2070376186899714,0.0021084330455895
mixed,gutenberg,Nein,euclidian,ADJ,direct,8 money is liquid,0.1640681670978665,0.2574297040421516,-6.756313291035746,5.304306594515278e-09
mixed,gutenberg,Nein,euclidian,ADJ,direct,9 good is up,0.1723200865089893,0.2500367295648902,-5.815918637476816,2.1770782116172413e-07
mixed,gutenberg,Nein,euclidian,ADJ,direct,10 bad is down,0.1377244340255856,0.2389583545923233,-9.23425984850842,2.551354720020147e-13
mixed,gutenberg,Nein,euclidian,VERB,direct,1 importance is size,0.2624777387827635,0.2691588135669008,-0.4521133425020742,0.6527402024599449
mixed,gutenberg,Nein,euclidian,VERB,direct,2 active is life,0.1894215224310755,0.3984005948342383,-14.386267977534356,1.410254728694207e-21
mixed,gutenberg,Nein,euclidian,VERB,direct,3 life is journey,0.2155416682362556,0.2357286370359361,-1.2127294472841226,0.2297612432917899
mixed,gutenberg,Nein,euclidian,VERB,direct,4 failure is death,0.1947804391384124,0.2320054180594161,-3.2973202219714395,0.0016071040828964
mixed,gutenberg,Nein,euclidian,VERB,direct,5 success is life,0.2289120024070143,0.1969641900341957,2.8698595614381173,0.0055838311117907
mixed,gutenberg,Nein,euclidian,VERB,direct,6 perceiving is eating,0.1244877567514777,0.2398511163191869,-13.635177368070751,1.8413144760657294e-20
mixed,gutenberg,Nein,euclidian,VERB,direct,7 affection is warmth,0.1366068758070469,0.2238564024027437,-9.513304901727944,8.458348308721636e-14
mixed,gutenberg,Nein,euclidian,VERB,direct,8 money is liquid,0.0878481529653072,0.1828812081459909,-12.854937726831386,2.867419450384333e-19
mixed,gutenberg,Nein,euclidian,VERB,direct,9 good is up,0.130138580687344,0.2203231393033638,-9.533125929538397,7.822218527341598e-14
mixed,gutenberg,Nein,euclidian,VERB,direct,10 bad is down,0.1812683437019586,0.2458528308779932,-4.8908496414869305,7.269073638646136e-06
mixed,gutenberg,Nein,euclidian,NOUN,direct,1 importance is size,0.1598633592948317,0.2009789106994867,-3.315191630187217,0.0015222242260703
mixed,gutenberg,Nein,euclidian,NOUN,direct,2 active is life,0.2320365863852203,0.2410993736609816,-0.6349703592634678,0.5277472003858645
mixed,gutenberg,Nein,euclidian,NOUN,direct,3 life is journey,0.1683615855872631,0.2470818291045725,-6.030399865126473,9.422876330274379e-08
mixed,gutenberg,Nein,euclidian,NOUN,direct,4 failure is death,0.1762519059702754,0.2159701908612623,-2.438573104482356,0.0175762244109999
mixed,gutenberg,Nein,euclidian,NOUN,direct,5 success is life,0.1466283882036805,0.2023916924884543,-4.174541962473883,9.336912635648782e-05
mixed,gutenberg,Nein,euclidian,NOUN,direct,6 perceiving is eating,0.0992263313382864,0.2346198849892243,-17.10768682546158,2.3045156914164106e-25
mixed,gutenberg,Nein,euclidian,NOUN,direct,7 affection is warmth,0.1987785771489143,0.2332942214980721,-2.279979114448137,0.0260043175393196
mixed,gutenberg,Nein,euclidian,NOUN,direct,8 money is liquid,0.1060169320553541,0.2098001830931753,-14.97950091945466,1.9498970648476782e-22
mixed,gutenberg,Nein,euclidian,NOUN,direct,9 good is up,0.1586538078263402,0.2880413261475041,-11.322996048587632,7.865776621812981e-17
mixed,gutenberg,Nein,euclidian,NOUN,direct,10 bad is down,0.1027072742581367,0.2030433937208727,-10.271202162055518,4.363576006418991e-15
mixed,gutenberg,Ja,euclidian,all,direct,1 importance is size,0.2378370960144676,0.3364242258324544,-28.891434025524603,7.078880476284125e-123
mixed,gutenberg,Ja,euclidian,all,direct,2 active is life,0.3227483205834534,0.3991472897008163,-17.267923734920704,2.9371390506657933e-56
mixed,gutenberg,Ja,euclidian,all,direct,3 life is journey,0.2166717419980811,0.336648159868637,-28.71272684968163,7.870907725255578e-122
mixed,gutenberg,Ja,euclidian,all,direct,4 failure is death,0.2617769650961636,0.3333695050072441,-18.93243239001397,2.6332271368773147e-65
mixed,gutenberg,Ja,euclidian,all,direct,5 success is life,0.2265950484285629,0.3468192524617264,-31.32864939237436,4.40248729217995e-137
mixed,gutenberg,Ja,euclidian,all,direct,6 perceiving is eating,0.1664488695776511,0.3321659051848699,-60.10085571963009,1.8876654235299566e-284
mixed,gutenberg,Ja,euclidian,all,direct,7 affection is warmth,0.2481692299676039,0.3350914618417887,-22.29236388128688,2.550148250354625e-84
mixed,gutenberg,Ja,euclidian,all,direct,8 money is liquid,0.182917471898436,0.3177669996003759,-48.25728370933626,5.1288556321846404e-229
mixed,gutenberg,Ja,euclidian,all,direct,9 good is up,0.1969619869204705,0.3385858665412836,-40.91910981304604,6.47929182190988e-191
mixed,gutenberg,Ja,euclidian,all,direct,10 bad is down,0.2637432776033797,0.3418007132098262,-21.956629137572875,2.1847373274943472e-82
mixed,gutenberg,Ja,euclidian,ADJ,direct,1 importance is size,0.1677774617701401,0.2442682330586292,-7.932514306280601,1.0964327188531825e-11
mixed,gutenberg,Ja,euclidian,ADJ,direct,2 active is life,0.1857890965026102,0.2514647335292381,-5.646866734670542,2.407686762822064e-07
mixed,gutenberg,Ja,euclidian,ADJ,direct,3 life is journey,0.2146918229114862,0.2618269447393623,-2.891942369339196,0.0049290495006602
mixed,gutenberg,Ja,euclidian,ADJ,direct,4 failure is death,0.2060915820392561,0.2486009912431975,-3.650250265888965,0.0004656228587819
mixed,gutenberg,Ja,euclidian,ADJ,direct,5 success is life,0.1765527640595848,0.2992173544906171,-8.495700853888623,8.609356833142134e-13
mixed,gutenberg,Ja,euclidian,ADJ,direct,6 perceiving is eating,0.1263355598037625,0.2223551136034506,-9.967257320526526,1.1195701545651072e-15
mixed,gutenberg,Ja,euclidian,ADJ,direct,7 affection is warmth,0.179677363899019,0.2319099670207058,-3.8511100445440776,0.0002357759793496
mixed,gutenberg,Ja,euclidian,ADJ,direct,8 money is liquid,0.1512790881557229,0.261243081877445,-9.247401308150724,2.8693052063084463e-14
mixed,gutenberg,Ja,euclidian,ADJ,direct,9 good is up,0.1759471054430361,0.2636727251609166,-7.551570724545908,6.077308800187987e-11
mixed,gutenberg,Ja,euclidian,ADJ,direct,10 bad is down,0.1577647291583779,0.245637222583647,-9.797522176790515,2.4004639783156507e-15
mixed,gutenberg,Ja,euclidian,VERB,direct,1 importance is size,0.2450322383715782,0.2636405587490694,-1.358736021717272,0.1780490023371817
mixed,gutenberg,Ja,euclidian,VERB,direct,2 active is life,0.1881979645034413,0.384842906638428,-15.394328744346058,1.2372511375030715e-25
mixed,gutenberg,Ja,euclidian,VERB,direct,3 life is journey,0.2042820468360995,0.2372640133897464,-2.104797650846965,0.0384475256997255
mixed,gutenberg,Ja,euclidian,VERB,direct,4 failure is death,0.1813145978951159,0.2203592309098185,-3.5861990163104043,0.000575796720144
mixed,gutenberg,Ja,euclidian,VERB,direct,5 success is life,0.2193227064462355,0.2136977817394115,0.525143555735226,0.6009358111067487
mixed,gutenberg,Ja,euclidian,VERB,direct,6 perceiving is eating,0.1251203248530258,0.2466459976706975,-15.867158011474672,1.9841541610782263e-26
mixed,gutenberg,Ja,euclidian,VERB,direct,7 affection is warmth,0.139045516649882,0.2173889620436562,-9.16920249149862,4.0860309148212724e-14
mixed,gutenberg,Ja,euclidian,VERB,direct,8 money is liquid,0.092464327076335,0.207032569249471,-16.658725243467885,9.872974023427902e-28
mixed,gutenberg,Ja,euclidian,VERB,direct,9 good is up,0.1268587708473205,0.2228946362012698,-10.90844166072701,1.6873083629634534e-17
mixed,gutenberg,Ja,euclidian,VERB,direct,10 bad is down,0.1841212481628229,0.266372295068002,-7.123701654105122,4.1008241634899153e-10
mixed,gutenberg,Ja,euclidian,NOUN,direct,1 importance is size,0.153646965821584,0.224319568493484,-6.266189337988767,1.7504366337897695e-08
mixed,gutenberg,Ja,euclidian,NOUN,direct,2 active is life,0.2194979260733098,0.244469267240277,-1.8152481266058809,0.0732332666091384
mixed,gutenberg,Ja,euclidian,NOUN,direct,3 life is journey,0.1589699998313998,0.2477212412379406,-7.634830910753766,4.1833898270941214e-11
mixed,gutenberg,Ja,euclidian,NOUN,direct,4 failure is death,0.1716223366466569,0.2194083866440219,-3.1293467749750663,0.0024450555459259
mixed,gutenberg,Ja,euclidian,NOUN,direct,5 success is life,0.1560387927808879,0.2092009072980762,-4.564405981110822,1.788109191591193e-05
mixed,gutenberg,Ja,euclidian,NOUN,direct,6 perceiving is eating,0.1018107312696951,0.2515478184598463,-20.46843389902177,1.5383715663473207e-33
mixed,gutenberg,Ja,euclidian,NOUN,direct,7 affection is warmth,0.2061887471764176,0.2427172705016018,-2.6373558697134625,0.0100362115786793
mixed,gutenberg,Ja,euclidian,NOUN,direct,8 money is liquid,0.1020767622523837,0.221696819567386,-20.58115997198681,1.0624949917308656e-33
mixed,gutenberg,Ja,euclidian,NOUN,direct,9 good is up,0.1524677063211982,0.2683352304204011,-11.304129382033247,2.954746647909364e-18
mixed,gutenberg,Ja,euclidian,NOUN,direct,10 bad is down,0.1441587430459481,0.2218974262292002,-8.050124558726726,6.451020310026731e-12
mixed,gutenberg,Nein,manhattan,all,direct,1 importance is size,0.2339647982993887,0.3189253794282882,-20.89826035914518,1.4154068488031694e-72
mixed,gutenberg,Nein,manhattan,all,direct,2 active is life,0.3125999476243224,0.4055933930764311,-19.316192092962005,1.9063400885793632e-64
mixed,gutenberg,Nein,manhattan,all,direct,3 life is journey,0.2215230910935335,0.3293076667161141,-23.293649916391963,5.021706737677768e-85
mixed,gutenberg,Nein,manhattan,all,direct,4 failure is death,0.258591638205366,0.319451180924144,-14.304700306941834,6.276671910562806e-40
mixed,gutenberg,Nein,manhattan,all,direct,5 success is life,0.21778702782467,0.3373794625584399,-27.710728732693003,5.446511154334478e-108
mixed,gutenberg,Nein,manhattan,all,direct,6 perceiving is eating,0.1734249660124381,0.3420503808873602,-50.133569103974,4.71643611027262e-212
mixed,gutenberg,Nein,manhattan,all,direct,7 affection is warmth,0.2357431079985367,0.3236617780368154,-19.844870975248384,3.767513489547336e-67
mixed,gutenberg,Nein,manhattan,all,direct,8 money is liquid,0.2021353468816313,0.3237458441944586,-37.61797905485544,3.7398338607905805e-157
mixed,gutenberg,Nein,manhattan,all,direct,9 good is up,0.2125850329175591,0.3318217765441578,-29.57786002858908,1.429741583201933e-117
mixed,gutenberg,Nein,manhattan,all,direct,10 bad is down,0.2144363007197777,0.3309132864543548,-27.68072736073591,7.77908067542256e-108
mixed,gutenberg,Nein,manhattan,ADJ,direct,1 importance is size,0.161585203371942,0.2234674984170123,-5.813394629708708,2.1985429884902498e-07
mixed,gutenberg,Nein,manhattan,ADJ,direct,2 active is life,0.2030661748722195,0.256668938472867,-4.087659347124824,0.0001256640215716
mixed,gutenberg,Nein,manhattan,ADJ,direct,3 life is journey,0.2196634490974247,0.2502802094374783,-1.6461106663839449,0.104721229024306
mixed,gutenberg,Nein,manhattan,ADJ,direct,4 failure is death,0.2110691219568252,0.2354979508370161,-1.7623226511412171,0.0828654545184965
mixed,gutenberg,Nein,manhattan,ADJ,direct,5 success is life,0.1364119192585349,0.2696085638517979,-9.265628604257694,2.2528868114511158e-13
mixed,gutenberg,Nein,manhattan,ADJ,direct,6 perceiving is eating,0.1151787219569087,0.2128465601056814,-8.797209565805856,1.454245988287424e-12
mixed,gutenberg,Nein,manhattan,ADJ,direct,7 affection is warmth,0.1506874188780784,0.1852945498144254,-2.2291021491001524,0.0293816982871149
mixed,gutenberg,Nein,manhattan,ADJ,direct,8 money is liquid,0.1816710629500448,0.2555773169547319,-5.188450206374898,2.4028398334640725e-06
mixed,gutenberg,Nein,manhattan,ADJ,direct,9 good is up,0.169392473064363,0.2609086714917794,-6.959310051840819,2.3528487583081527e-09
mixed,gutenberg,Nein,manhattan,ADJ,direct,10 bad is down,0.1465862765908241,0.2351529609179124,-8.105231469299719,2.335748372003493e-11
mixed,gutenberg,Nein,manhattan,VERB,direct,1 importance is size,0.2778890538029372,0.2759713895758613,0.1268631091227854,0.899452785940055
mixed,gutenberg,Nein,manhattan,VERB,direct,2 active is life,0.2154956888407468,0.4065031704294961,-13.399874387874764,4.1797536082563295e-20
mixed,gutenberg,Nein,manhattan,VERB,direct,3 life is journey,0.2208045283332467,0.2330168068455532,-0.7006290044055944,0.4861142007610521
mixed,gutenberg,Nein,manhattan,VERB,direct,4 failure is death,0.2272113049402833,0.2223849834129214,0.3905265765968946,0.6974646324905478
mixed,gutenberg,Nein,manhattan,VERB,direct,5 success is life,0.2309200121089816,0.1914292001724243,3.487990979872993,0.0008931194909628
mixed,gutenberg,Nein,manhattan,VERB,direct,6 perceiving is eating,0.1482700612396001,0.2389666708372533,-9.2072371593582,2.840152676547406e-13
mixed,gutenberg,Nein,manhattan,VERB,direct,7 affection is warmth,0.1281265532597899,0.2271070356341079,-10.438421831346346,2.285882739898407e-15
mixed,gutenberg,Nein,manhattan,VERB,direct,8 money is liquid,0.1059299679473042,0.1938345789117738,-11.473667870474282,4.470790840388682e-17
mixed,gutenberg,Nein,manhattan,VERB,direct,9 good is up,0.1283040288835764,0.2235714297415688,-10.58118733233848,1.3192770183648357e-15
mixed,gutenberg,Nein,manhattan,VERB,direct,10 bad is down,0.1775623597204685,0.2611628568056039,-6.333273019080055,2.8564956446640014e-08
mixed,gutenberg,Nein,manhattan,NOUN,direct,1 importance is size,0.1838220935314893,0.2047048754431307,-1.6697411207678372,0.0999326088500512
mixed,gutenberg,Nein,manhattan,NOUN,direct,2 active is life,0.2322683604434132,0.2442173454491421,-0.8602155141595861,0.3929320586749752
mixed,gutenberg,Nein,manhattan,NOUN,direct,3 life is journey,0.1801862549036741,0.2565252672042697,-5.899116648775424,1.5745909646297837e-07
mixed,gutenberg,Nein,manhattan,NOUN,direct,4 failure is death,0.1900273645296692,0.2242768197925761,-2.0957609968835915,0.0401272275073135
mixed,gutenberg,Nein,manhattan,NOUN,direct,5 success is life,0.1408794792369008,0.2097885468648746,-5.258238134785342,1.847401125161553e-06
mixed,gutenberg,Nein,manhattan,NOUN,direct,6 perceiving is eating,0.1251517105847597,0.2398625634238124,-12.206617097960088,2.9777583309573392e-18
mixed,gutenberg,Nein,manhattan,NOUN,direct,7 affection is warmth,0.1994963167235255,0.2395274522993713,-2.634705443460068,0.0105855695278707
mixed,gutenberg,Nein,manhattan,NOUN,direct,8 money is liquid,0.0842456882819533,0.2140119326813146,-18.653034351508737,2.403437219925729e-27
mixed,gutenberg,Nein,manhattan,NOUN,direct,9 good is up,0.173821578733623,0.2732271779095754,-8.337106637487839,9.192957948553848e-12
mixed,gutenberg,Nein,manhattan,NOUN,direct,10 bad is down,0.1136336671188473,0.1870103661809116,-7.001095550721151,1.9897280217264117e-09
mixed,gutenberg,Ja,manhattan,all,direct,1 importance is size,0.2596916797556831,0.345271078081615,-24.6093362314609,8.823367412525374e-98
mixed,gutenberg,Ja,manhattan,all,direct,2 active is life,0.3047760301084348,0.4055645747268662,-22.5164378279527,1.2987937949391228e-85
mixed,gutenberg,Ja,manhattan,all,direct,3 life is journey,0.2272288696265515,0.3363659342608334,-26.219022673038246,3.300453077825844e-107
mixed,gutenberg,Ja,manhattan,all,direct,4 failure is death,0.2666539696999538,0.3374613152098916,-17.979320918867447,4.3592525061610925e-60
mixed,gutenberg,Ja,manhattan,all,direct,5 success is life,0.2255905990492659,0.345430014172035,-30.93826269277355,8.128995631337777e-135
mixed,gutenberg,Ja,manhattan,all,direct,6 perceiving is eating,0.1839215694140995,0.3448913146712815,-54.38674415500224,1.2928844906287554e-258
mixed,gutenberg,Ja,manhattan,all,direct,7 affection is warmth,0.2465112329510504,0.3328372293228312,-22.08404012320152,4.0416227502887284e-83
mixed,gutenberg,Ja,manhattan,all,direct,8 money is liquid,0.188138653098801,0.3242444521442199,-46.16519513074821,1.88689378280602e-218
mixed,gutenberg,Ja,manhattan,all,direct,9 good is up,0.2193710425426603,0.3380673744886173,-34.706097667843906,1.7388572852025348e-156
mixed,gutenberg,Ja,manhattan,all,direct,10 bad is down,0.2536397908286629,0.3417564335547193,-24.528520776253547,2.617187285464585e-97
mixed,gutenberg,Ja,manhattan,ADJ,direct,1 importance is size,0.1516010356538089,0.2312901728278325,-8.092231538747585,5.334471724227839e-12
mixed,gutenberg,Ja,manhattan,ADJ,direct,2 active is life,0.1913418600588669,0.251371309256848,-5.004780467980828,3.257714998995612e-06
mixed,gutenberg,Ja,manhattan,ADJ,direct,3 life is journey,0.2244093881713019,0.2637203545077347,-2.3693004269589046,0.0202318662247217
mixed,gutenberg,Ja,manhattan,ADJ,direct,4 failure is death,0.2005157875426021,0.254070401088691,-4.3071004658966485,4.659699470652558e-05
mixed,gutenberg,Ja,manhattan,ADJ,direct,5 success is life,0.1659930024617984,0.309969127803213,-10.083379610274186,6.650295105029613e-16
mixed,gutenberg,Ja,manhattan,ADJ,direct,6 perceiving is eating,0.1320670438401493,0.2177566780793813,-8.24751283581542,2.645228471433878e-12
mixed,gutenberg,Ja,manhattan,ADJ,direct,7 affection is warmth,0.1786002450519138,0.2204458510654944,-3.1448931672875027,0.0023324482813616
mixed,gutenberg,Ja,manhattan,ADJ,direct,8 money is liquid,0.1687711929833447,0.2645911895097406,-7.8621141301927455,1.5056512092371088e-11
mixed,gutenberg,Ja,manhattan,ADJ,direct,9 good is up,0.170419728314435,0.2617209117905593,-7.902020280084971,1.2579394074726783e-11
mixed,gutenberg,Ja,manhattan,ADJ,direct,10 bad is down,0.1708948089752668,0.2429894887849136,-8.016650453580045,7.502740362305559e-12
mixed,gutenberg,Ja,manhattan,VERB,direct,1 importance is size,0.2616313832041658,0.2643425924542509,-0.1958369783989558,0.845234350245812
mixed,gutenberg,Ja,manhattan,VERB,direct,2 active is life,0.2117231179166723,0.3899350115730439,-13.716949221538512,1.0278556446308332e-22
mixed,gutenberg,Ja,manhattan,VERB,direct,3 life is journey,0.2092541581318702,0.2331222430129109,-1.4851415193197608,0.1414363153821204
mixed,gutenberg,Ja,manhattan,VERB,direct,4 failure is death,0.2109513025224944,0.2279431752584599,-1.397490016562518,0.1661299017354493
mixed,gutenberg,Ja,manhattan,VERB,direct,5 success is life,0.2205217995761353,0.2012736425355629,1.7559016624876107,0.0829325841224446
mixed,gutenberg,Ja,manhattan,VERB,direct,6 perceiving is eating,0.155214406825878,0.2535197936973454,-11.085181873566436,7.734897004502726e-18
mixed,gutenberg,Ja,manhattan,VERB,direct,7 affection is warmth,0.1315973268614875,0.2262873009325545,-10.939236898007676,1.4726073565561783e-17
mixed,gutenberg,Ja,manhattan,VERB,direct,8 money is liquid,0.0961866128591843,0.203084999764407,-14.595397958606478,2.9085863057154918e-24
mixed,gutenberg,Ja,manhattan,VERB,direct,9 good is up,0.123747843283194,0.2267550606271367,-12.127167455093144,8.276910688629489e-20
mixed,gutenberg,Ja,manhattan,VERB,direct,10 bad is down,0.1751819952034655,0.2586225495827786,-7.375752891126304,1.3346406113286675e-10
mixed,gutenberg,Ja,manhattan,NOUN,direct,1 importance is size,0.1759265823128782,0.2109095839144271,-3.0591253702716013,0.0030197059741916
mixed,gutenberg,Ja,manhattan,NOUN,direct,2 active is life,0.2193482113473209,0.2497972175478935,-2.273166961622936,0.0256979426581472
mixed,gutenberg,Ja,manhattan,NOUN,direct,3 life is journey,0.1696447016280374,0.2497846289438965,-6.832428675730883,1.4864725124739563e-09
mixed,gutenberg,Ja,manhattan,NOUN,direct,4 failure is death,0.1865296930442621,0.2166005491548114,-1.9770661564883325,0.0514790784129664
mixed,gutenberg,Ja,manhattan,NOUN,direct,5 success is life,0.1480016936490565,0.2214270297355122,-6.415066824673808,9.203746929424758e-09
mixed,gutenberg,Ja,manhattan,NOUN,direct,6 perceiving is eating,0.1280392320067794,0.2536185629500283,-14.653280526274717,2.3075481970326567e-24
mixed,gutenberg,Ja,manhattan,NOUN,direct,7 affection is warmth,0.2078056541489966,0.2515069593397188,-3.1298755582220448,0.0024411435585571
mixed,gutenberg,Ja,manhattan,NOUN,direct,8 money is liquid,0.0808808384118256,0.2287990049006026,-25.248852052755296,7.322510986959743e-40
mixed,gutenberg,Ja,manhattan,NOUN,direct,9 good is up,0.1687310021600605,0.2690707698721944,-9.567117800942023,6.775379939420024e-15
mixed,gutenberg,Ja,manhattan,NOUN,direct,10 bad is down,0.1542016194190508,0.2258390273576901,-7.269150126261122,2.1473687120193907e-10
mixed,wiki,Nein,canberra,all,direct,1 importance is size,0.1600151661192966,0.1331725200181229,10.544993516825777,6.898868804855728e-24
mixed,wiki,Nein,canberra,all,direct,2 active is life,0.1533265824876808,0.135487958998513,7.22120688715918,1.6409866227338562e-12
mixed,wiki,Nein,canberra,all,direct,3 life is journey,0.1487855296001259,0.1287110119591253,7.751352382584483,4.1464538688618814e-14
mixed,wiki,Nein,canberra,all,direct,4 failure is death,0.173151435267254,0.1331768414193132,14.84402403595146,1.9655151847508202e-42
mixed,wiki,Nein,canberra,all,direct,5 success is life,0.1793055241473176,0.1296963104132361,19.14032575993165,1.5012476614355542e-63
mixed,wiki,Nein,canberra,all,direct,6 perceiving is eating,0.1735561297899492,0.1282664681819003,16.74039153591815,1.5551255529579512e-51
mixed,wiki,Nein,canberra,all,direct,7 affection is warmth,0.1544591808889427,0.1394380903459851,6.5444551396105695,1.3231004735763318e-10
mixed,wiki,Nein,canberra,all,direct,8 money is liquid,0.2183702088885462,0.145811999484399,32.845736953829345,5.031850402712165e-134
mixed,wiki,Nein,canberra,all,direct,9 good is up,0.1379096625080023,0.1242647352454013,5.385681353046937,1.053448742493558e-07
mixed,wiki,Nein,canberra,all,direct,10 bad is down,0.1480560173453689,0.1266722151243659,7.165369684392288,2.3884342425795216e-12
mixed,wiki,Nein,canberra,ADJ,direct,1 importance is size,0.122652087327366,0.1022503458947917,1.980967706568262,0.051964132962123
mixed,wiki,Nein,canberra,ADJ,direct,2 active is life,0.1414550517407828,0.0932635655013029,6.118402524880175,6.669657373131818e-08
mixed,wiki,Nein,canberra,ADJ,direct,3 life is journey,0.1067061516658603,0.0832223649320581,2.7909974662250896,0.0069457531565649
mixed,wiki,Nein,canberra,ADJ,direct,4 failure is death,0.1253342243580993,0.1031811457832494,2.6256185385380064,0.0108430470073771
mixed,wiki,Nein,canberra,ADJ,direct,5 success is life,0.1062911999330559,0.0891500097649316,2.3357590192019155,0.0227005770005794
mixed,wiki,Nein,canberra,ADJ,direct,6 perceiving is eating,0.1318592564161321,0.0806732202459968,5.093793247254433,3.425596457870848e-06
mixed,wiki,Nein,canberra,ADJ,direct,7 affection is warmth,0.1439725312614157,0.0933810403282393,5.938341669619843,1.351023919594779e-07
mixed,wiki,Nein,canberra,ADJ,direct,8 money is liquid,0.1873356780530672,0.1041855502649253,10.936729180064448,3.388608828460602e-16
mixed,wiki,Nein,canberra,ADJ,direct,9 good is up,0.1234936098096096,0.0961325630838977,3.813749096850251,0.0003140489607062
mixed,wiki,Nein,canberra,ADJ,direct,10 bad is down,0.0739585526829673,0.0939896915699963,-3.509271057727524,0.0008354804386388
mixed,wiki,Nein,canberra,VERB,direct,1 importance is size,0.1007805046152228,0.0860853853605402,1.6888726034348285,0.0961879908057758
mixed,wiki,Nein,canberra,VERB,direct,2 active is life,0.0996777030431491,0.1137046914064798,-1.6440693313059251,0.1051435084233689
mixed,wiki,Nein,canberra,VERB,direct,3 life is journey,0.0893975760721956,0.0997012138729096,-1.4627027161931203,0.148519873399004
mixed,wiki,Nein,canberra,VERB,direct,4 failure is death,0.1848744586083789,0.0984981753067586,8.072930118511003,2.6600619777355274e-11
mixed,wiki,Nein,canberra,VERB,direct,5 success is life,0.1126613234620669,0.0859242335326796,3.215549117219515,0.0020555336290423
mixed,wiki,Nein,canberra,VERB,direct,6 perceiving is eating,0.0769427282734686,0.0873734218209288,-1.6676106513933924,0.1003568762426929
mixed,wiki,Nein,canberra,VERB,direct,7 affection is warmth,0.0835545604583853,0.088547950425691,-0.8468281341147397,0.4002963496475294
mixed,wiki,Nein,canberra,VERB,direct,8 money is liquid,0.1067649573666219,0.0875659160522693,2.9612185921090344,0.0043163958117489
mixed,wiki,Nein,canberra,VERB,direct,9 good is up,0.0987672075386074,0.1025363398696519,-0.4058943548200296,0.6861955587267841
mixed,wiki,Nein,canberra,VERB,direct,10 bad is down,0.1432885059762541,0.1093593671311759,3.592111405426951,0.0006430171064366
mixed,wiki,Nein,canberra,NOUN,direct,1 importance is size,0.0835325345862794,0.0850460978965994,-0.2250007885677602,0.8227068878556504
mixed,wiki,Nein,canberra,NOUN,direct,2 active is life,0.1044385403190841,0.1113861164739257,-0.7978592561542334,0.4279493516813579
mixed,wiki,Nein,canberra,NOUN,direct,3 life is journey,0.110896140647502,0.0873006181891658,2.538400531561786,0.0136200094830493
mixed,wiki,Nein,canberra,NOUN,direct,4 failure is death,0.1377045720354766,0.0932128215830516,4.946594027502259,5.918598820594317e-06
mixed,wiki,Nein,canberra,NOUN,direct,5 success is life,0.0934146137868473,0.0887473013024304,0.5712284115003827,0.5698770847216786
mixed,wiki,Nein,canberra,NOUN,direct,6 perceiving is eating,0.1235548547928004,0.1046074343278083,2.3744178629324884,0.0206354084084314
mixed,wiki,Nein,canberra,NOUN,direct,7 affection is warmth,0.0873207867421441,0.1043497684919184,-2.069447549638479,0.0426112795899103
mixed,wiki,Nein,canberra,NOUN,direct,8 money is liquid,0.0903900008342029,0.1100216996793446,-2.9421735608143225,0.004556223669838
mixed,wiki,Nein,canberra,NOUN,direct,9 good is up,0.0817989893367364,0.1009620558232027,-2.76485505037972,0.0074607346810413
mixed,wiki,Nein,canberra,NOUN,direct,10 bad is down,0.1018300486894356,0.0781221250111516,3.2209346921293043,0.0020227086181351
mixed,wiki,Ja,canberra,all,direct,1 importance is size,0.1593904639975603,0.1354105455813246,11.481681976210616,3.6687495570304734e-28
mixed,wiki,Ja,canberra,all,direct,2 active is life,0.1536121677658782,0.1302639928988543,10.863866899506244,1.3913486889155074e-25
mixed,wiki,Ja,canberra,all,direct,3 life is journey,0.1501914761056232,0.1405520851858548,4.340576345369413,1.6222254920216336e-05
mixed,wiki,Ja,canberra,all,direct,4 failure is death,0.1684161398459646,0.134674689623786,13.598191959990816,1.08404407101681e-37
mixed,wiki,Ja,canberra,all,direct,5 success is life,0.1730459958088097,0.1342626345157449,16.401071830331595,1.1095742536283612e-51
mixed,wiki,Ja,canberra,all,direct,6 perceiving is eating,0.1696567188880872,0.1341493173689384,14.144437219291902,2.624574687465912e-40
mixed,wiki,Ja,canberra,all,direct,7 affection is warmth,0.1564705512447416,0.1389122321572079,8.233093215906024,8.429315684579785e-16
mixed,wiki,Ja,canberra,all,direct,8 money is liquid,0.2083651027066246,0.1422213660349895,29.237478027512783,6.694711224163365e-125
mixed,wiki,Ja,canberra,all,direct,9 good is up,0.1408819263720341,0.1313856576202029,3.912431642145382,9.992965338171008e-05
mixed,wiki,Ja,canberra,all,direct,10 bad is down,0.1516924504793083,0.1267757349679695,10.127373488923036,1.215795849430307e-22
mixed,wiki,Ja,canberra,ADJ,direct,1 importance is size,0.1407204481503342,0.1071868276646648,4.203985347685013,6.782931298627483e-05
mixed,wiki,Ja,canberra,ADJ,direct,2 active is life,0.1344586443682285,0.0943269085753709,5.565574468483578,3.3719205609430294e-07
mixed,wiki,Ja,canberra,ADJ,direct,3 life is journey,0.1057858079802101,0.1043997424295975,0.1989009673235871,0.8428448480346955
mixed,wiki,Ja,canberra,ADJ,direct,4 failure is death,0.1228164947438088,0.1121914103704578,1.4454830496989737,0.1522283171675015
mixed,wiki,Ja,canberra,ADJ,direct,5 success is life,0.1028792161287497,0.096064089110511,0.9884644186669416,0.3259055074779661
mixed,wiki,Ja,canberra,ADJ,direct,6 perceiving is eating,0.1259973564970997,0.0845142200983782,4.722702534314556,9.781358071686724e-06
mixed,wiki,Ja,canberra,ADJ,direct,7 affection is warmth,0.1476000335178802,0.0942195861177335,6.627530831623379,3.6513241998108046e-09
mixed,wiki,Ja,canberra,ADJ,direct,8 money is liquid,0.173954253568473,0.0994324876490148,9.925190854449443,1.3523278720350949e-15
mixed,wiki,Ja,canberra,ADJ,direct,9 good is up,0.1163645998447016,0.0933554968757688,3.4222342932015213,0.0009812922743048
mixed,wiki,Ja,canberra,ADJ,direct,10 bad is down,0.0775399802482641,0.0951699158422858,-3.459496744638904,0.0008705003949536
mixed,wiki,Ja,canberra,VERB,direct,1 importance is size,0.0915932558223358,0.0863884001196528,0.682231130536261,0.4970634332683189
mixed,wiki,Ja,canberra,VERB,direct,2 active is life,0.0981852501806771,0.1118301301177594,-1.8359384907367908,0.0700821248053891
mixed,wiki,Ja,canberra,VERB,direct,3 life is journey,0.0865893606384727,0.0995875614697044,-2.080000655678945,0.0407270808161576
mixed,wiki,Ja,canberra,VERB,direct,4 failure is death,0.1800648894074247,0.104963393388952,8.330774568549307,1.815461260015209e-12
mixed,wiki,Ja,canberra,VERB,direct,5 success is life,0.1011973795779941,0.0936100899925401,1.0113492453233617,0.3148984190649121
mixed,wiki,Ja,canberra,VERB,direct,6 perceiving is eating,0.0744753575458218,0.0986552549088676,-4.086264099291732,0.0001034907351239
mixed,wiki,Ja,canberra,VERB,direct,7 affection is warmth,0.08554146387883,0.094615359249927,-1.761681326066549,0.081943580581661
mixed,wiki,Ja,canberra,VERB,direct,8 money is liquid,0.1033189844095428,0.0887991032622663,2.4720412714118045,0.015556111163109
mixed,wiki,Ja,canberra,VERB,direct,9 good is up,0.1095222232103929,0.1012476257392594,0.8962183351339476,0.3728250845579496
mixed,wiki,Ja,canberra,VERB,direct,10 bad is down,0.1390031647137642,0.1071028633507996,3.8539647653597258,0.0002334705288182
mixed,wiki,Ja,canberra,NOUN,direct,1 importance is size,0.0870091151793911,0.0909800241154773,-0.6633989057771628,0.5089822924584042
mixed,wiki,Ja,canberra,NOUN,direct,2 active is life,0.098644290757671,0.1079030482098301,-1.2365095973777558,0.2198871220544389
mixed,wiki,Ja,canberra,NOUN,direct,3 life is journey,0.1299122381225435,0.0921013726286099,5.019439717705628,3.07430201995581e-06
mixed,wiki,Ja,canberra,NOUN,direct,4 failure is death,0.1412374925252108,0.096337092225202,5.56504347576958,3.379326285814549e-07
mixed,wiki,Ja,canberra,NOUN,direct,5 success is life,0.0892583020548766,0.0920112292530402,-0.3949316188482405,0.693944370814239
mixed,wiki,Ja,canberra,NOUN,direct,6 perceiving is eating,0.125161362930257,0.1011202599860031,3.29347346476537,0.0014752451914705
mixed,wiki,Ja,canberra,NOUN,direct,7 affection is warmth,0.0979397949329045,0.0969894624494175,0.1155863721101999,0.9082700073585176
mixed,wiki,Ja,canberra,NOUN,direct,8 money is liquid,0.0875030347761553,0.1134656737731279,-4.349100108449327,3.993303727463585e-05
mixed,wiki,Ja,canberra,NOUN,direct,9 good is up,0.0863525189201354,0.1042289088311812,-3.0144736534838987,0.0034479287762453
mixed,wiki,Ja,canberra,NOUN,direct,10 bad is down,0.098107252703549,0.0827772333090507,2.331290556176981,0.022255772567736
mixed,wiki,Nein,cosine,all,direct,1 importance is size,0.4573534295195713,0.3149619330168712,38.28388670457803,2.7490350010011716e-160
mixed,wiki,Nein,cosine,all,direct,2 active is life,0.4327275748105926,0.3254421455051062,28.19344200515932,1.7731329301508925e-110
mixed,wiki,Nein,cosine,all,direct,3 life is journey,0.403116791573767,0.3277717206223613,18.46182082064903,4.13827692759004e-60
mixed,wiki,Nein,cosine,all,direct,4 failure is death,0.4340767714246694,0.310176315211881,27.72135019382808,4.800832268691922e-108
mixed,wiki,Nein,cosine,all,direct,5 success is life,0.4132496732183628,0.3304204425830338,19.73883944969481,1.3167994634569713e-66
mixed,wiki,Nein,cosine,all,direct,6 perceiving is eating,0.3637444360129949,0.3171345144328014,11.834889384598853,4.499097246407226e-29
mixed,wiki,Nein,cosine,all,direct,7 affection is warmth,0.3814365888376617,0.3400675781666081,10.312999920196043,5.374488262966692e-23
mixed,wiki,Nein,cosine,all,direct,8 money is liquid,0.341076821153466,0.3181975515633682,6.621026640137443,8.194821527193529e-11
mixed,wiki,Nein,cosine,all,direct,9 good is up,0.3742039624032461,0.3176851480539984,12.690696625661666,1.0405187898920544e-32
mixed,wiki,Nein,cosine,all,direct,10 bad is down,0.3969097421504557,0.319921506882992,16.185713008256787,7.885465535123663e-49
mixed,wiki,Nein,cosine,ADJ,direct,1 importance is size,0.4687900363933295,0.3168362577935636,9.914812913396863,1.7472132795272052e-14
mixed,wiki,Nein,cosine,ADJ,direct,2 active is life,0.4437548064161092,0.3197778209075659,9.696583043646609,4.1101825455570375e-14
mixed,wiki,Nein,cosine,ADJ,direct,3 life is journey,0.4329513271804899,0.3387032521833316,7.608450178935449,1.7279966043530018e-10
mixed,wiki,Nein,cosine,ADJ,direct,4 failure is death,0.4005466524977237,0.3073641046816044,7.110911396003082,1.2802398466279007e-09
mixed,wiki,Nein,cosine,ADJ,direct,5 success is life,0.3969943386036902,0.354904171617236,3.74105182904373,0.000398264643589
mixed,wiki,Nein,cosine,ADJ,direct,6 perceiving is eating,0.3774591910187155,0.3126291663511074,6.0689650329065525,8.099753831902601e-08
mixed,wiki,Nein,cosine,ADJ,direct,7 affection is warmth,0.4172664217185229,0.3223315045458003,7.440964262475922,3.3929835346616144e-10
mixed,wiki,Nein,cosine,ADJ,direct,8 money is liquid,0.3356262012384832,0.3191438222457509,1.830256553839119,0.0719427769824813
mixed,wiki,Nein,cosine,ADJ,direct,9 good is up,0.4063734281808138,0.3155873203670126,8.096981417375583,2.414609416577557e-11
mixed,wiki,Nein,cosine,ADJ,direct,10 bad is down,0.3727425441611558,0.3222218424186576,4.892084705061293,7.236117098689623e-06
mixed,wiki,Nein,cosine,VERB,direct,1 importance is size,0.523980837315321,0.3099388015344448,19.750379286338152,1.1009784152500858e-28
mixed,wiki,Nein,cosine,VERB,direct,2 active is life,0.5071357376873493,0.3476820072993359,17.916912100440165,2.0435676159085912e-26
mixed,wiki,Nein,cosine,VERB,direct,3 life is journey,0.4927125535905361,0.3186044267067336,16.50042825789891,1.4919204063993974e-24
mixed,wiki,Nein,cosine,VERB,direct,4 failure is death,0.5315759428776801,0.3134033582419215,18.765885272704708,1.7401509400959018e-27
mixed,wiki,Nein,cosine,VERB,direct,5 success is life,0.5169006125070155,0.3114930157888011,19.53579584580993,1.9923258865291198e-28
mixed,wiki,Nein,cosine,VERB,direct,6 perceiving is eating,0.5023244312033057,0.3261710421243333,22.162291773726587,1.9073982418673447e-31
mixed,wiki,Nein,cosine,VERB,direct,7 affection is warmth,0.4402389591559768,0.3520159516667672,12.545992979092086,8.688710107131942e-19
mixed,wiki,Nein,cosine,VERB,direct,8 money is liquid,0.4332920778542757,0.309490456372514,14.637233932968876,6.073233967614517e-22
mixed,wiki,Nein,cosine,VERB,direct,9 good is up,0.50188859552145,0.3066348088015002,15.7997109018207,1.3597733438939173e-23
mixed,wiki,Nein,cosine,VERB,direct,10 bad is down,0.5463147237896919,0.3128783591045203,14.858854630260035,2.905377480638723e-22
mixed,wiki,Nein,cosine,NOUN,direct,1 importance is size,0.4638574090786278,0.3121165118895442,16.396422512826955,2.0633513810146163e-24
mixed,wiki,Nein,cosine,NOUN,direct,2 active is life,0.4423722140491009,0.3181412250743324,10.801208737593264,5.679523612268051e-16
mixed,wiki,Nein,cosine,NOUN,direct,3 life is journey,0.3968744571320712,0.3136514608950528,7.015513296197603,1.877869889708448e-09
mixed,wiki,Nein,cosine,NOUN,direct,4 failure is death,0.4672923821490258,0.3084856125610531,11.301009128384951,8.543646574643382e-17
mixed,wiki,Nein,cosine,NOUN,direct,5 success is life,0.4582776972092688,0.3218811876885593,9.625828436588447,5.428885575612847e-14
mixed,wiki,Nein,cosine,NOUN,direct,6 perceiving is eating,0.3536786043550819,0.317053974941009,3.683651800958333,0.0004796121369848
mixed,wiki,Nein,cosine,NOUN,direct,7 affection is warmth,0.384467069292441,0.3353133346834693,3.241025127246602,0.0019045522526117
mixed,wiki,Nein,cosine,NOUN,direct,8 money is liquid,0.3683315480593592,0.3192744886139826,5.409114538913234,1.0424688323552928e-06
mixed,wiki,Nein,cosine,NOUN,direct,9 good is up,0.3345893560908735,0.3238310694240499,0.8200433382950997,0.4152832576785951
mixed,wiki,Nein,cosine,NOUN,direct,10 bad is down,0.4053089553490281,0.3161982873947409,6.962339755614038,2.3244322751609473e-09
mixed,wiki,Ja,cosine,all,direct,1 importance is size,0.4541807521865365,0.3116057706405858,44.056324018055285,1.4689064247612886e-207
mixed,wiki,Ja,cosine,all,direct,2 active is life,0.4327121458140257,0.3445396494746691,24.93795809104312,1.057199683130899e-99
mixed,wiki,Ja,cosine,all,direct,3 life is journey,0.415783033398362,0.3240028652714039,25.62547666923057,9.96341573450858e-104
mixed,wiki,Ja,cosine,all,direct,4 failure is death,0.4362724003355199,0.3103023325681878,32.07920437906758,1.988832444408646e-141
mixed,wiki,Ja,cosine,all,direct,5 success is life,0.4146682780915654,0.32707466835595,24.369551210144195,2.2195450448925153e-96
mixed,wiki,Ja,cosine,all,direct,6 perceiving is eating,0.3695381528637864,0.31617112201631,15.458425101397156,7.927212546235346e-47
mixed,wiki,Ja,cosine,all,direct,7 affection is warmth,0.3875239821986406,0.3394040986632702,13.32030433872027,2.2018515469773363e-36
mixed,wiki,Ja,cosine,all,direct,8 money is liquid,0.3432258669547583,0.3204471472926303,7.606753507417807,8.702490749624076e-14
mixed,wiki,Ja,cosine,all,direct,9 good is up,0.3830934670359019,0.3144820164112696,16.572799197233124,1.4014859249489696e-52
mixed,wiki,Ja,cosine,all,direct,10 bad is down,0.3941219083464031,0.3210460779573701,17.354691842929316,1.0099161115128005e-56
mixed,wiki,Ja,cosine,ADJ,direct,1 importance is size,0.4612034152687331,0.3229212889820049,10.597579741748453,6.695408814867946e-17
mixed,wiki,Ja,cosine,ADJ,direct,2 active is life,0.4503623705219339,0.3207969963675722,11.564365045101994,9.470015755072757e-19
mixed,wiki,Ja,cosine,ADJ,direct,3 life is journey,0.4595055872643435,0.3451124609488448,11.581635320092436,8.783309455778931e-19
mixed,wiki,Ja,cosine,ADJ,direct,4 failure is death,0.4068728771842556,0.3141613065228002,8.511839496296506,8.00301794292478e-13
mixed,wiki,Ja,cosine,ADJ,direct,5 success is life,0.408855473001798,0.3486422958311819,6.03110093427055,4.7855627541645355e-08
mixed,wiki,Ja,cosine,ADJ,direct,6 perceiving is eating,0.3872533059782452,0.3094024723141639,8.620818491196854,4.887054822576751e-13
mixed,wiki,Ja,cosine,ADJ,direct,7 affection is warmth,0.4188698546753989,0.3237053735202386,8.804191198766524,2.1308683454491258e-13
mixed,wiki,Ja,cosine,ADJ,direct,8 money is liquid,0.333032112798573,0.3214104766136087,1.4916381293317886,0.1397269612079336
mixed,wiki,Ja,cosine,ADJ,direct,9 good is up,0.4059931906285109,0.3148991446532913,9.268707885306954,2.605903110562213e-14
mixed,wiki,Ja,cosine,ADJ,direct,10 bad is down,0.3796045029604876,0.3204918624924203,6.596222209238093,4.186310959535846e-09
mixed,wiki,Ja,cosine,VERB,direct,1 importance is size,0.5214202996389365,0.3112343676851266,22.91783208647321,6.697109215087559e-37
mixed,wiki,Ja,cosine,VERB,direct,2 active is life,0.4939591774234065,0.3439610008874683,16.72552346740113,7.692213878376233e-28
mixed,wiki,Ja,cosine,VERB,direct,3 life is journey,0.5042343202196522,0.3143380806354783,20.0334857303237,6.500691397179824e-33
mixed,wiki,Ja,cosine,VERB,direct,4 failure is death,0.5342632616743629,0.3162014101363286,20.8085857128507,5.0568259801277075e-34
mixed,wiki,Ja,cosine,VERB,direct,5 success is life,0.5085983051929945,0.3120180334466981,21.38882946736349,7.801051325900715e-35
mixed,wiki,Ja,cosine,VERB,direct,6 perceiving is eating,0.507193249316863,0.3251111586078035,25.795680350959053,1.5873802925174166e-40
mixed,wiki,Ja,cosine,VERB,direct,7 affection is warmth,0.4354217644826865,0.3631717331645677,12.151188308051276,7.464789914318069e-20
mixed,wiki,Ja,cosine,VERB,direct,8 money is liquid,0.4282008490444701,0.3150358815020166,15.798015203927925,2.58845627519328e-26
mixed,wiki,Ja,cosine,VERB,direct,9 good is up,0.5262344115310245,0.3055902327673027,17.901278973459306,1.0412021358518597e-29
mixed,wiki,Ja,cosine,VERB,direct,10 bad is down,0.5536139953283616,0.319876265417106,17.091436697915846,1.9795646141800502e-28
mixed,wiki,Ja,cosine,NOUN,direct,1 importance is size,0.4697955085171593,0.3142060006386888,19.304170656832937,7.641851755032559e-32
mixed,wiki,Ja,cosine,NOUN,direct,2 active is life,0.4454032600293924,0.3764546783321341,6.203755304600078,2.289023581273556e-08
mixed,wiki,Ja,cosine,NOUN,direct,3 life is journey,0.4075343853529589,0.3103586717767146,9.105683851373904,5.4456670291032096e-14
mixed,wiki,Ja,cosine,NOUN,direct,4 failure is death,0.4793247795767254,0.309098374239427,13.808579328270232,7.054617485858533e-23
mixed,wiki,Ja,cosine,NOUN,direct,5 success is life,0.4619509673412935,0.3201915597452287,11.674742458353611,5.856418473618135e-19
mixed,wiki,Ja,cosine,NOUN,direct,6 perceiving is eating,0.3585166636808419,0.3162480053620378,4.842252328523044,6.16082864679535e-06
mixed,wiki,Ja,cosine,NOUN,direct,7 affection is warmth,0.4079250838653541,0.3367826648405752,4.737703329147067,9.232987289177776e-06
mixed,wiki,Ja,cosine,NOUN,direct,8 money is liquid,0.3706554580985764,0.32317365048916,6.051153643775095,4.3942276360907966e-08
mixed,wiki,Ja,cosine,NOUN,direct,9 good is up,0.3365488920682742,0.3180412642202443,1.6334368201974596,0.1063069410952112
mixed,wiki,Ja,cosine,NOUN,direct,10 bad is down,0.3915271214496942,0.318227722759899,6.643521464184132,3.404824416320079e-09
mixed,wiki,Nein,euclidian,all,direct,1 importance is size,0.2519440483301878,0.2789520293236193,-7.072180327283216,4.445348413781382e-12
mixed,wiki,Nein,euclidian,all,direct,2 active is life,0.3147563823084864,0.3233414486411493,-2.2625466394960125,0.0240359309414256
mixed,wiki,Nein,euclidian,all,direct,3 life is journey,0.2996337455697357,0.3374889688198973,-8.307916971246444,7.02213246634078e-16
mixed,wiki,Nein,euclidian,all,direct,4 failure is death,0.320812324527651,0.2946874897652823,6.381921583113524,3.6026641026293205e-10
mixed,wiki,Nein,euclidian,all,direct,5 success is life,0.2543155644088983,0.3003998826438975,-11.421332814395008,2.2708920806050067e-27
mixed,wiki,Nein,euclidian,all,direct,6 perceiving is eating,0.2696118802867002,0.3052494349035745,-9.47503196253925,6.875181884546503e-20
mixed,wiki,Nein,euclidian,all,direct,7 affection is warmth,0.1965720195633669,0.3104173602432841,-25.549436069575588,8.738218751226144e-97
mixed,wiki,Nein,euclidian,all,direct,8 money is liquid,0.222026633305682,0.2834295692465579,-17.79410289631093,9.370776575949397e-57
mixed,wiki,Nein,euclidian,all,direct,9 good is up,0.2232054806210928,0.2948233547372123,-18.27959693025306,3.432717892925351e-59
mixed,wiki,Nein,euclidian,all,direct,10 bad is down,0.215055216414233,0.2666092332695714,-13.05014407154155,2.806876936386721e-34
mixed,wiki,Nein,euclidian,ADJ,direct,1 importance is size,0.2323832125402987,0.1811365428147837,3.0342678536833123,0.0035010829143179
mixed,wiki,Nein,euclidian,ADJ,direct,2 active is life,0.3231816790066659,0.2241951009444892,6.091127410391876,7.424517141198355e-08
mixed,wiki,Nein,euclidian,ADJ,direct,3 life is journey,0.2427935982123017,0.2545637785922736,-0.61137230946928,0.5431529809985669
mixed,wiki,Nein,euclidian,ADJ,direct,4 failure is death,0.2467673914507031,0.2004918955499306,3.4339774006539123,0.0010568342009251
mixed,wiki,Nein,euclidian,ADJ,direct,5 success is life,0.2320641223341226,0.2179307573824189,0.9168229189090744,0.362731853506796
mixed,wiki,Nein,euclidian,ADJ,direct,6 perceiving is eating,0.2612066101282835,0.1658156779780984,6.723938649589995,6.0370044709401396e-09
mixed,wiki,Nein,euclidian,ADJ,direct,7 affection is warmth,0.1597336931154132,0.1697520965337753,-0.7761570652982117,0.4405604409460404
mixed,wiki,Nein,euclidian,ADJ,direct,8 money is liquid,0.157752126455307,0.177796792788431,-1.7338879677383536,0.0878293888759591
mixed,wiki,Nein,euclidian,ADJ,direct,9 good is up,0.1898367078974843,0.2060353069007396,-1.5173012793817788,0.1341929310296569
mixed,wiki,Nein,euclidian,ADJ,direct,10 bad is down,0.1304024290293455,0.1787784578930586,-4.03718370378955,0.0001491250964561
mixed,wiki,Nein,euclidian,VERB,direct,1 importance is size,0.1641648998484015,0.1766766192112118,-1.0796260321240536,0.2844247424353518
mixed,wiki,Nein,euclidian,VERB,direct,2 active is life,0.1663441667333245,0.2510528343019541,-6.812003426707555,4.245133277956825e-09
mixed,wiki,Nein,euclidian,VERB,direct,3 life is journey,0.1610941821709275,0.1982991330558434,-2.9088191649124475,0.0050062382462329
mixed,wiki,Nein,euclidian,VERB,direct,4 failure is death,0.2199316713958978,0.2085602658940479,0.7757471323524319,0.4408007334454643
mixed,wiki,Nein,euclidian,VERB,direct,5 success is life,0.180858364328742,0.1611202263040468,1.656024804692094,0.1026899171246636
mixed,wiki,Nein,euclidian,VERB,direct,6 perceiving is eating,0.100655710324645,0.1898332087928429,-10.824274703863727,5.200845176877577e-16
mixed,wiki,Nein,euclidian,VERB,direct,7 affection is warmth,0.1105001391842961,0.1621265917178243,-5.94562322008513,1.3131248780757836e-07
mixed,wiki,Nein,euclidian,VERB,direct,8 money is liquid,0.1511374404653906,0.159884567791596,-1.0422951871581148,0.3012581443316529
mixed,wiki,Nein,euclidian,VERB,direct,9 good is up,0.1671327948570251,0.1689802931062877,-0.1306739037971829,0.8964496515328474
mixed,wiki,Nein,euclidian,VERB,direct,10 bad is down,0.1654717624187469,0.138356992136687,1.9037400456573463,0.0615139565392435
mixed,wiki,Nein,euclidian,NOUN,direct,1 importance is size,0.2016320452094078,0.1778478869330138,1.8926526911556771,0.0630002865247111
mixed,wiki,Nein,euclidian,NOUN,direct,2 active is life,0.1667501823976636,0.2116484648268669,-3.631192551963133,0.0005676403103428
mixed,wiki,Nein,euclidian,NOUN,direct,3 life is journey,0.1794654857367277,0.1843543750792741,-0.3788151360599636,0.7060988213241772
mixed,wiki,Nein,euclidian,NOUN,direct,4 failure is death,0.2408383814617991,0.2233052340522408,1.0798154679140466,0.2843410162305474
mixed,wiki,Nein,euclidian,NOUN,direct,5 success is life,0.1359807979315519,0.1773302814736962,-3.165368192045546,0.0023863651167716
mixed,wiki,Nein,euclidian,NOUN,direct,6 perceiving is eating,0.1858858168125152,0.1871443996019661,-0.1173897077171497,0.9069246905612312
mixed,wiki,Nein,euclidian,NOUN,direct,7 affection is warmth,0.197399984113872,0.1970573988836258,0.0216261167687189,0.9828145504191116
mixed,wiki,Nein,euclidian,NOUN,direct,8 money is liquid,0.1209157044067978,0.1833707655081525,-6.835324704809695,3.86681781880236e-09
mixed,wiki,Nein,euclidian,NOUN,direct,9 good is up,0.2143644876778125,0.2545842720149085,-3.2621766410491118,0.0017871863439225
mixed,wiki,Nein,euclidian,NOUN,direct,10 bad is down,0.1612869426608085,0.1727123113721609,-1.0236818506057594,0.3099003499309996
mixed,wiki,Ja,euclidian,all,direct,1 importance is size,0.2487271854906906,0.2925947358182264,-13.400146844443173,9.304333819056816e-37
mixed,wiki,Ja,euclidian,all,direct,2 active is life,0.2974253361853062,0.3273097053585146,-7.919233716231498,8.935069593741323e-15
mixed,wiki,Ja,euclidian,all,direct,3 life is journey,0.2963335858696282,0.3440409716867698,-11.191466970070422,6.140898034184888e-27
mixed,wiki,Ja,euclidian,all,direct,4 failure is death,0.3184557006846403,0.3040420757534572,3.890648654500985,0.0001091383163331
mixed,wiki,Ja,euclidian,all,direct,5 success is life,0.2665549763190893,0.2939841446288656,-8.04396348402544,3.5276713044041747e-15
mixed,wiki,Ja,euclidian,all,direct,6 perceiving is eating,0.2696603565631416,0.3112302605789385,-11.492239983587352,3.308238292314183e-28
mixed,wiki,Ja,euclidian,all,direct,7 affection is warmth,0.2014356327073237,0.3226255876774324,-30.626966943283765,5.2489105253175056e-133
mixed,wiki,Ja,euclidian,all,direct,8 money is liquid,0.2159413284071515,0.2909536160428501,-25.178300749385475,4.145957383304136e-101
mixed,wiki,Ja,euclidian,all,direct,9 good is up,0.227364879740282,0.3048352797188386,-21.10214596826937,1.7020812948850158e-77
mixed,wiki,Ja,euclidian,all,direct,10 bad is down,0.2196812121138814,0.2976707666822095,-23.09584113141015,5.753941563202384e-89
mixed,wiki,Ja,euclidian,ADJ,direct,1 importance is size,0.230786731581629,0.2053886195391784,1.852683365704772,0.0676156124598212
mixed,wiki,Ja,euclidian,ADJ,direct,2 active is life,0.3068565075044279,0.2203134765963495,5.636461336377094,2.514018263120054e-07
mixed,wiki,Ja,euclidian,ADJ,direct,3 life is journey,0.2476800790539494,0.2657971966303424,-1.014106366932113,0.3135893030058542
mixed,wiki,Ja,euclidian,ADJ,direct,4 failure is death,0.2456817891862657,0.2120027326801677,2.802454304977957,0.0063597423328673
mixed,wiki,Ja,euclidian,ADJ,direct,5 success is life,0.2578329175342748,0.2407573508590827,1.2184827961082236,0.226621694270233
mixed,wiki,Ja,euclidian,ADJ,direct,6 perceiving is eating,0.2615003085430757,0.172066103503292,6.6749392366107525,2.967565239898483e-09
mixed,wiki,Ja,euclidian,ADJ,direct,7 affection is warmth,0.2095209227667914,0.2052959846751189,0.3599711087250108,0.7198173187326347
mixed,wiki,Ja,euclidian,ADJ,direct,8 money is liquid,0.1494354451144183,0.1862225675803643,-3.689337425755256,0.0004085683529687
mixed,wiki,Ja,euclidian,ADJ,direct,9 good is up,0.1737781726283791,0.2153682427825751,-4.209483865488061,6.64931519796701e-05
mixed,wiki,Ja,euclidian,ADJ,direct,10 bad is down,0.1351369457480348,0.2016285736031002,-6.5148448269080905,5.968093554203414e-09
mixed,wiki,Ja,euclidian,VERB,direct,1 importance is size,0.1602361533376905,0.1928329431017239,-3.3167382085400177,0.0013714740418189
mixed,wiki,Ja,euclidian,VERB,direct,2 active is life,0.1617411279384001,0.2414122193417063,-7.310518148413589,1.7857268345796383e-10
mixed,wiki,Ja,euclidian,VERB,direct,3 life is journey,0.1590226277892972,0.1932577725693031,-3.0148915912643544,0.0034436718158015
mixed,wiki,Ja,euclidian,VERB,direct,4 failure is death,0.1981279960385075,0.2003855266799161,-0.1680588539227377,0.866961120804486
mixed,wiki,Ja,euclidian,VERB,direct,5 success is life,0.1647153570328229,0.1729427421240159,-0.7287296946452659,0.4682949743679471
mixed,wiki,Ja,euclidian,VERB,direct,6 perceiving is eating,0.1184781458642747,0.2251662491317148,-14.30835221393665,9.224712007724053e-24
mixed,wiki,Ja,euclidian,VERB,direct,7 affection is warmth,0.1253156735573286,0.2246782643780296,-12.785867685886442,4.990726189784504e-21
mixed,wiki,Ja,euclidian,VERB,direct,8 money is liquid,0.1426404155330893,0.1679615460722534,-3.3964236488666555,0.0010656926999708
mixed,wiki,Ja,euclidian,VERB,direct,9 good is up,0.1820697585741678,0.1967257843930044,-1.0996452023318413,0.2747848667475005
mixed,wiki,Ja,euclidian,VERB,direct,10 bad is down,0.213208136735139,0.1887360944976041,1.9156802116476952,0.058978650852491
mixed,wiki,Ja,euclidian,NOUN,direct,1 importance is size,0.1998011300593246,0.1878808743276714,1.115872660765433,0.2678172501189661
mixed,wiki,Ja,euclidian,NOUN,direct,2 active is life,0.1576524023656491,0.2003007054696848,-3.8976189626894353,0.0002007910724581
mixed,wiki,Ja,euclidian,NOUN,direct,3 life is journey,0.1887716562659652,0.1944361755803779,-0.5126600190505105,0.6096018013071942
mixed,wiki,Ja,euclidian,NOUN,direct,4 failure is death,0.225502563111576,0.2264712891460936,-0.0648060658488613,0.9484900791053
mixed,wiki,Ja,euclidian,NOUN,direct,5 success is life,0.1378782663816287,0.1696282176691809,-2.9926588885124583,0.0036770207919748
mixed,wiki,Ja,euclidian,NOUN,direct,6 perceiving is eating,0.1915093689789006,0.2072761917629359,-1.5746127288329674,0.1192925023527189
mixed,wiki,Ja,euclidian,NOUN,direct,7 affection is warmth,0.2134787697850922,0.2091356370184156,0.2987062119323096,0.765938749702948
mixed,wiki,Ja,euclidian,NOUN,direct,8 money is liquid,0.111069114855778,0.1921177005547064,-9.824412866315916,2.1270259263169537e-15
mixed,wiki,Ja,euclidian,NOUN,direct,9 good is up,0.1983891269307077,0.2435545543056947,-3.7224465812421137,0.0003655057185965
mixed,wiki,Ja,euclidian,NOUN,direct,10 bad is down,0.170252122260906,0.1719300570127404,-0.173127672849714,0.8629883639497287
mixed,wiki,Nein,manhattan,all,direct,1 importance is size,0.2727425220008526,0.2902664830923701,-4.562073799223301,6.195000075488855e-06
mixed,wiki,Nein,manhattan,all,direct,2 active is life,0.3196211941022839,0.3249503257630083,-1.3788787171198642,0.1684682956155783
mixed,wiki,Nein,manhattan,all,direct,3 life is journey,0.2823774628858599,0.3394960004034349,-12.868639098077644,1.7517634008126478e-33
mixed,wiki,Nein,manhattan,all,direct,4 failure is death,0.3150640838365588,0.3026496460469853,3.0281141895894343,0.002571184617713
mixed,wiki,Nein,manhattan,all,direct,5 success is life,0.2562522596369187,0.2940292802672936,-9.469191132027808,7.21596546335e-20
mixed,wiki,Nein,manhattan,all,direct,6 perceiving is eating,0.2935062021327515,0.3085846127999119,-3.860136616642869,0.0001261736668669
mixed,wiki,Nein,manhattan,all,direct,7 affection is warmth,0.2234866762947705,0.308686345918104,-19.414092294409183,6.0330935692849785e-65
mixed,wiki,Nein,manhattan,all,direct,8 money is liquid,0.2284827264439728,0.2894497653904061,-17.13244602601096,1.8248628846326886e-53
mixed,wiki,Nein,manhattan,all,direct,9 good is up,0.2513997106192012,0.2988030320323177,-11.812982055831052,5.549511179768651e-29
mixed,wiki,Nein,manhattan,all,direct,10 bad is down,0.2219323963444266,0.2777630482960699,-13.89727653621491,4.579483664844979e-38
mixed,wiki,Nein,manhattan,ADJ,direct,1 importance is size,0.2360632950440049,0.177243186389096,3.426573718613625,0.0010813750988647
mixed,wiki,Nein,manhattan,ADJ,direct,2 active is life,0.3286952823400497,0.2355421323096379,5.764124497671412,2.6620539512428125e-07
mixed,wiki,Nein,manhattan,ADJ,direct,3 life is journey,0.2435806700959801,0.2609451991785317,-0.9356102521945976,0.3530465001140963
mixed,wiki,Nein,manhattan,ADJ,direct,4 failure is death,0.2487741159275174,0.2112735406821593,2.6832697788523854,0.0093015195728981
mixed,wiki,Nein,manhattan,ADJ,direct,5 success is life,0.2402436444535851,0.2098914081673137,1.9162215410522512,0.0598764065036811
mixed,wiki,Nein,manhattan,ADJ,direct,6 perceiving is eating,0.2818540586158633,0.1808551984932273,7.075667712661245,1.474949656447737e-09
mixed,wiki,Nein,manhattan,ADJ,direct,7 affection is warmth,0.1642403863370418,0.1667681330349296,-0.191265310232719,0.8489328208803504
mixed,wiki,Nein,manhattan,ADJ,direct,8 money is liquid,0.1272172722965479,0.1851675266679376,-5.615330629754695,4.731348880158609e-07
mixed,wiki,Nein,manhattan,ADJ,direct,9 good is up,0.1888573672622442,0.2018447663495317,-1.1759271435417895,0.2440486221142603
mixed,wiki,Nein,manhattan,ADJ,direct,10 bad is down,0.1432849783450365,0.1859533939696848,-3.623093193501553,0.000582534371388
mixed,wiki,Nein,manhattan,VERB,direct,1 importance is size,0.1616472247987985,0.1900375387631356,-2.240726637612417,0.0285776799413365
mixed,wiki,Nein,manhattan,VERB,direct,2 active is life,0.156230584718287,0.2636952730582561,-8.397792622429119,7.204362380137673e-12
mixed,wiki,Nein,manhattan,VERB,direct,3 life is journey,0.1717236321419477,0.1933328217733651,-1.710296481202198,0.092131959092581
mixed,wiki,Nein,manhattan,VERB,direct,4 failure is death,0.1985120894387364,0.1974963381420821,0.0778901264700984,0.9381623121106024
mixed,wiki,Nein,manhattan,VERB,direct,5 success is life,0.1833200920373201,0.1748698180774227,0.6971554973036024,0.4882702126195009
mixed,wiki,Nein,manhattan,VERB,direct,6 perceiving is eating,0.1083298437297344,0.1892378806322813,-9.051607426852728,5.272227195076831e-13
mixed,wiki,Nein,manhattan,VERB,direct,7 affection is warmth,0.1117453267797827,0.1875469884695485,-8.417355322306205,6.660147250811059e-12
mixed,wiki,Nein,manhattan,VERB,direct,8 money is liquid,0.1782480524852872,0.1510940761491656,3.078168475742056,0.0030826607286119
mixed,wiki,Nein,manhattan,VERB,direct,9 good is up,0.164752964861691,0.1700548403384164,-0.3795385484857984,0.7055643518429748
mixed,wiki,Nein,manhattan,VERB,direct,10 bad is down,0.1722005847841501,0.1605253878235817,0.8569027359149413,0.3947465206794125
mixed,wiki,Nein,manhattan,NOUN,direct,1 importance is size,0.1832335162907838,0.1698225149791687,1.0865230204349043,0.2813874394740861
mixed,wiki,Nein,manhattan,NOUN,direct,2 active is life,0.1734769036993384,0.2213019123440608,-3.947546418277615,0.0002015728199092
mixed,wiki,Nein,manhattan,NOUN,direct,3 life is journey,0.1988937146961689,0.1991585912881419,-0.0193942670714867,0.9845878773062708
mixed,wiki,Nein,manhattan,NOUN,direct,4 failure is death,0.2482011830434203,0.2278645324148237,1.270514864854026,0.2085732257748178
mixed,wiki,Nein,manhattan,NOUN,direct,5 success is life,0.1430687643587589,0.1696161443553865,-2.034427523677193,0.0461229990017897
mixed,wiki,Nein,manhattan,NOUN,direct,6 perceiving is eating,0.2095667300745844,0.2020290555339306,0.6249429187826606,0.5342655643758056
mixed,wiki,Nein,manhattan,NOUN,direct,7 affection is warmth,0.1986395539715886,0.1965026640892029,0.1330777346649157,0.894556067102129
mixed,wiki,Nein,manhattan,NOUN,direct,8 money is liquid,0.1419066684320569,0.2066314208460971,-6.274808516315739,3.599787692467827e-08
mixed,wiki,Nein,manhattan,NOUN,direct,9 good is up,0.2537934565916657,0.2657847791304812,-0.909776054274049,0.3664082216128981
mixed,wiki,Nein,manhattan,NOUN,direct,10 bad is down,0.160110137425363,0.1703767520422116,-0.8660598967909311,0.3897436399570775
mixed,wiki,Ja,manhattan,all,direct,1 importance is size,0.2692130037541252,0.2915519776134987,-6.82696931898273,1.8292695787839244e-11
mixed,wiki,Ja,manhattan,all,direct,2 active is life,0.3033878833096377,0.3133552143097291,-2.6361902312348136,0.0085629055460781
mixed,wiki,Ja,manhattan,all,direct,3 life is journey,0.2840131797990027,0.3444902744545858,-14.829854990137571,1.1381221850367764e-43
mixed,wiki,Ja,manhattan,all,direct,4 failure is death,0.3112068408882994,0.300797611911601,2.8106437990543798,0.005077082268515
mixed,wiki,Ja,manhattan,all,direct,5 success is life,0.2595982141537267,0.2988767739120661,-11.35330792477097,1.2836964554805911e-27
mixed,wiki,Ja,manhattan,all,direct,6 perceiving is eating,0.2929835938867718,0.3157265094458157,-6.08065718822595,1.931680577457365e-09
mixed,wiki,Ja,manhattan,all,direct,7 affection is warmth,0.22802547327612,0.3261891474252865,-25.21935272114883,2.3839019020818823e-101
mixed,wiki,Ja,manhattan,all,direct,8 money is liquid,0.2181779336700387,0.2889216451680055,-22.0558750725082,5.869852523789436e-83
mixed,wiki,Ja,manhattan,all,direct,9 good is up,0.2476467070756135,0.305496636074348,-15.25692943186556,8.28771317670653e-46
mixed,wiki,Ja,manhattan,all,direct,10 bad is down,0.2408594188212694,0.308487850586655,-19.690434204484184,1.6062845278493152e-69
mixed,wiki,Ja,manhattan,ADJ,direct,1 importance is size,0.2420001442049756,0.2003593444640253,3.045161913556958,0.0031479957833613
mixed,wiki,Ja,manhattan,ADJ,direct,2 active is life,0.3121823050357677,0.2254642789194613,5.688289460261188,2.0265457912005185e-07
mixed,wiki,Ja,manhattan,ADJ,direct,3 life is journey,0.2448505921128355,0.2655680779358487,-1.1878106807731204,0.238422632955379
mixed,wiki,Ja,manhattan,ADJ,direct,4 failure is death,0.247718271649914,0.2074136235095836,3.245975981170513,0.0017103974476033
mixed,wiki,Ja,manhattan,ADJ,direct,5 success is life,0.2584020962685714,0.252516954291014,0.4114058423291843,0.6818750563522762
mixed,wiki,Ja,manhattan,ADJ,direct,6 perceiving is eating,0.2783595846023088,0.1844462398320068,6.865525668002053,1.284859216223006e-09
mixed,wiki,Ja,manhattan,ADJ,direct,7 affection is warmth,0.2304505205448762,0.207638470346545,1.9090293029124248,0.0598441101534554
mixed,wiki,Ja,manhattan,ADJ,direct,8 money is liquid,0.1202030380566914,0.2016631609863705,-8.994666228831816,8.998460550561884e-14
mixed,wiki,Ja,manhattan,ADJ,direct,9 good is up,0.1742020492200498,0.2209184940913577,-4.577115871025598,1.704214445647982e-05
mixed,wiki,Ja,manhattan,ADJ,direct,10 bad is down,0.1458699666423562,0.2202864723073111,-7.389429282866019,1.2555424780244747e-10
mixed,wiki,Ja,manhattan,VERB,direct,1 importance is size,0.1546396561610845,0.1884090621456688,-3.115799259607923,0.0025472965188148
mixed,wiki,Ja,manhattan,VERB,direct,2 active is life,0.1510693762037489,0.252511560767889,-8.956100185651566,1.0714173442927049e-13
mixed,wiki,Ja,manhattan,VERB,direct,3 life is journey,0.167824046847261,0.1925819840070642,-2.206980601077365,0.0301814079097867
mixed,wiki,Ja,manhattan,VERB,direct,4 failure is death,0.179179788371663,0.1913648864774056,-1.010209112857976,0.315440836336439
mixed,wiki,Ja,manhattan,VERB,direct,5 success is life,0.1671860527109216,0.172684414125519,-0.4801211432497485,0.6324514555463912
mixed,wiki,Ja,manhattan,VERB,direct,6 perceiving is eating,0.1230256292555067,0.2199908230039808,-12.263442530766342,4.6109137933412e-20
mixed,wiki,Ja,manhattan,VERB,direct,7 affection is warmth,0.1385050033345634,0.2255886470977171,-10.662073223925963,5.027034800918116e-17
mixed,wiki,Ja,manhattan,VERB,direct,8 money is liquid,0.1727533708384007,0.166963539896188,0.7296708497759363,0.4677225431940872
mixed,wiki,Ja,manhattan,VERB,direct,9 good is up,0.1853143646393293,0.1775821377502547,0.5919310819331792,0.5555659316000965
mixed,wiki,Ja,manhattan,VERB,direct,10 bad is down,0.2119875660649052,0.2035269295286249,0.7102999269869282,0.479583674229418
mixed,wiki,Ja,manhattan,NOUN,direct,1 importance is size,0.183220656565678,0.1820195105119988,0.113087082520589,0.9102448177465396
mixed,wiki,Ja,manhattan,NOUN,direct,2 active is life,0.1606817304352183,0.217156729845353,-5.149140030093004,1.8350324831702189e-06
mixed,wiki,Ja,manhattan,NOUN,direct,3 life is journey,0.2124275756470951,0.2051583579881691,0.6418125926181053,0.5228296600576685
mixed,wiki,Ja,manhattan,NOUN,direct,4 failure is death,0.2320599423514472,0.2216878054686534,0.6989575452538641,0.4866056892138807
mixed,wiki,Ja,manhattan,NOUN,direct,5 success is life,0.1424512708628619,0.1893983268112311,-4.355239388640699,3.9039638447951946e-05
mixed,wiki,Ja,manhattan,NOUN,direct,6 perceiving is eating,0.2242278530273908,0.2203300565370806,0.3428019339539399,0.7326465819807131
mixed,wiki,Ja,manhattan,NOUN,direct,7 affection is warmth,0.2141291808198999,0.2142617514398363,-0.0090230524881514,0.99282320661111
mixed,wiki,Ja,manhattan,NOUN,direct,8 money is liquid,0.1301665409111682,0.1993275128323355,-7.407462264945051,1.1583366423305715e-10
mixed,wiki,Ja,manhattan,NOUN,direct,9 good is up,0.2367982062292687,0.2468759925829039,-0.7823777849657038,0.4363022804683545
mixed,wiki,Ja,manhattan,NOUN,direct,10 bad is down,0.1596962471067169,0.1696954972177376,-0.9846788717867486,0.3277505501788146
